evidence_id,source_key,source_record_id,source_status,source_url,property_key,geo_id,address,property_name,organization,equipment_type,evidence_confidence,signal_type,tower_lifecycle_event,tower_lifecycle_event_context,permit_project_key,description_fingerprint,event_date,event_age_days,recent_activity_365d,priority,description
tdsb:1924:cooling_tower:0,tdsb_facility_condition_renewal,1924,2025_FCI,https://www.tdsb.on.ca/Find-your/Schools/School-FCI/schno/1924,tdsb-schno:1924,,"650 Cosburn Ave, East York, ON, M4C 2V2",East York Collegiate Institute,Toronto District School Board,cooling_tower,CONFIRMED,TDSB_COOLING_TOWER_RENEWAL,,,,,,,,HIGH,| Chilled Water Systems - Cooling Tower Renewal | High
tdsb:2001:chemical_feed:0,tdsb_facility_condition_renewal,2001,2025_FCI,https://www.tdsb.on.ca/Find-your/Schools/School-FCI/schno/2001,tdsb-schno:2001,,"544 Horner Ave, Etobicoke, ON, M8W 2C2",Sir Adam Beck Junior School,Toronto District School Board,chemical_feed,SUPPORTING,TDSB_RELATED_MECHANICAL_RENEWAL,,,,,,,,HIGH,| Auxiliary Equipment - Chemical Feed Systems Renewal | High
tdsb:2001:chiller:1,tdsb_facility_condition_renewal,2001,2025_FCI,https://www.tdsb.on.ca/Find-your/Schools/School-FCI/schno/2001,tdsb-schno:2001,,"544 Horner Ave, Etobicoke, ON, M8W 2C2",Sir Adam Beck Junior School,Toronto District School Board,chiller,SUPPORTING,TDSB_RELATED_MECHANICAL_RENEWAL,,,,,,,,MEDIUM,| Chilled Water Systems - Chiller Renewal | Medium
tdsb:2001:cooling_tower:2,tdsb_facility_condition_renewal,2001,2025_FCI,https://www.tdsb.on.ca/Find-your/Schools/School-FCI/schno/2001,tdsb-schno:2001,,"544 Horner Ave, Etobicoke, ON, M8W 2C2",Sir Adam Beck Junior School,Toronto District School Board,cooling_tower,CONFIRMED,TDSB_COOLING_TOWER_RENEWAL,,,,,,,,MEDIUM,| Chilled Water Systems - Cooling Tower Renewal | Medium
tdsb:2021:chemical_feed:0,tdsb_facility_condition_renewal,2021,2025_FCI,https://www.tdsb.on.ca/Find-your/Schools/School-FCI/schno/2021,tdsb-schno:2021,,"44 Cordova Ave, Etobicoke, ON, M9A 2H5",Islington Junior Middle School,Toronto District School Board,chemical_feed,SUPPORTING,TDSB_RELATED_MECHANICAL_RENEWAL,,,,,,,,HIGH,| Auxiliary Equipment - Chemical Feed System Renewal | High
tdsb:2021:chiller:1,tdsb_facility_condition_renewal,2021,2025_FCI,https://www.tdsb.on.ca/Find-your/Schools/School-FCI/schno/2021,tdsb-schno:2021,,"44 Cordova Ave, Etobicoke, ON, M9A 2H5",Islington Junior Middle School,Toronto District School Board,chiller,SUPPORTING,TDSB_RELATED_MECHANICAL_RENEWAL,,,,,,,,MEDIUM,| Chilled Water Systems - Centrifugal Chiller Renewal | Medium
tdsb:2021:cooling_tower:2,tdsb_facility_condition_renewal,2021,2025_FCI,https://www.tdsb.on.ca/Find-your/Schools/School-FCI/schno/2021,tdsb-schno:2021,,"44 Cordova Ave, Etobicoke, ON, M9A 2H5",Islington Junior Middle School,Toronto District School Board,cooling_tower,CONFIRMED,TDSB_COOLING_TOWER_RENEWAL,,,,,,,,MEDIUM,| Chilled Water Systems - Cooling Tower Renewal | Medium
tdsb:2040:chemical_feed:0,tdsb_facility_condition_renewal,2040,2025_FCI,https://www.tdsb.on.ca/Find-your/Schools/School-FCI/schno/2040,tdsb-schno:2040,,"1 York Rd, Etobicoke, ON, M9R 3C8",Kingsview Village Junior School,Toronto District School Board,chemical_feed,SUPPORTING,TDSB_RELATED_MECHANICAL_RENEWAL,,,,,,,,HIGH,| Auxiliary Equipment - Chemical Feed Systems Renewal | High
tdsb:2040:chiller:1,tdsb_facility_condition_renewal,2040,2025_FCI,https://www.tdsb.on.ca/Find-your/Schools/School-FCI/schno/2040,tdsb-schno:2040,,"1 York Rd, Etobicoke, ON, M9R 3C8",Kingsview Village Junior School,Toronto District School Board,chiller,SUPPORTING,TDSB_RELATED_MECHANICAL_RENEWAL,,,,,,,,HIGH,| Chilled Water Systems - Chiller #1 (M9) - 1994 Building Renewal | High
tdsb:2040:cooling_tower:2,tdsb_facility_condition_renewal,2040,2025_FCI,https://www.tdsb.on.ca/Find-your/Schools/School-FCI/schno/2040,tdsb-schno:2040,,"1 York Rd, Etobicoke, ON, M9R 3C8",Kingsview Village Junior School,Toronto District School Board,cooling_tower,CONFIRMED,TDSB_COOLING_TOWER_RENEWAL,,,,,,,,HIGH,| Chilled Water Systems - Cooling Tower Renewal | High
tdsb:2063:chemical_feed:0,tdsb_facility_condition_renewal,2063,2025_FCI,https://www.tdsb.on.ca/Find-your/Schools/School-FCI/schno/2063,tdsb-schno:2063,,"85 Mount Olive Dr, Etobicoke, ON, M9V 2C9",Highfield Junior School,Toronto District School Board,chemical_feed,SUPPORTING,TDSB_RELATED_MECHANICAL_RENEWAL,,,,,,,,HIGH,| Auxiliary Equipment - Chemical Feed Systems Renewal | High
tdsb:2063:cooling_tower:1,tdsb_facility_condition_renewal,2063,2025_FCI,https://www.tdsb.on.ca/Find-your/Schools/School-FCI/schno/2063,tdsb-schno:2063,,"85 Mount Olive Dr, Etobicoke, ON, M9V 2C9",Highfield Junior School,Toronto District School Board,cooling_tower,CONFIRMED,TDSB_COOLING_TOWER_RENEWAL,,,,,,,,HIGH,| Chilled Water Systems - Cooling Towers Renewal | High
tdsb:3127:chiller:0,tdsb_facility_condition_renewal,3127,2025_FCI,https://www.tdsb.on.ca/Find-your/Schools/School-FCI/schno/3127,tdsb-schno:3127,,"25 Forest Manor Rd, North York, ON, M2J 1M4",Forest Manor Public School,Toronto District School Board,chiller,SUPPORTING,TDSB_RELATED_MECHANICAL_RENEWAL,,,,,,,,HIGH,| Chilled Water Systems - Centrifugal Chiller Renewal | High
tdsb:3127:cooling_tower:1,tdsb_facility_condition_renewal,3127,2025_FCI,https://www.tdsb.on.ca/Find-your/Schools/School-FCI/schno/3127,tdsb-schno:3127,,"25 Forest Manor Rd, North York, ON, M2J 1M4",Forest Manor Public School,Toronto District School Board,cooling_tower,CONFIRMED,TDSB_COOLING_TOWER_RENEWAL,,,,,,,,HIGH,| Chilled Water Systems - Cooling Tower Renewal | High
tdsb:3180:cooling_tower:0,tdsb_facility_condition_renewal,3180,2025_FCI,https://www.tdsb.on.ca/Find-your/Schools/School-FCI/schno/3180,tdsb-schno:3180,,"4505 Jane St, North York, ON, M3N 2K7",Brookview Middle School,Toronto District School Board,cooling_tower,CONFIRMED,TDSB_COOLING_TOWER_RENEWAL,,,,,,,,HIGH,| D303012 Chilled Water Systems - Cooling Towers Renewal | High
tdsb:3430:chemical_feed:0,tdsb_facility_condition_renewal,3430,2025_FCI,https://www.tdsb.on.ca/Find-your/Schools/School-FCI/schno/3430,tdsb-schno:3430,,"100 Princess Ave, North York, ON, M2N 3R7",Earl Haig Secondary School,Toronto District School Board,chemical_feed,SUPPORTING,TDSB_RELATED_MECHANICAL_RENEWAL,,,,,,,,HIGH,| Auxiliary Equipment - Chemical Feed Systems (3) Renewal | High
tdsb:3430:cooling_tower:1,tdsb_facility_condition_renewal,3430,2025_FCI,https://www.tdsb.on.ca/Find-your/Schools/School-FCI/schno/3430,tdsb-schno:3430,,"100 Princess Ave, North York, ON, M2N 3R7",Earl Haig Secondary School,Toronto District School Board,cooling_tower,CONFIRMED,TDSB_COOLING_TOWER_RENEWAL,,,,,,,,MEDIUM,| Chilled Water Systems - Cooling Towers Renewal | Medium
tdsb:3432:chemical_feed:0,tdsb_facility_condition_renewal,3432,2025_FCI,https://www.tdsb.on.ca/Find-your/Schools/School-FCI/schno/3432,tdsb-schno:3432,,"50 Francine Dr, North York, ON, M2H 2G6",A Y Jackson Secondary School,Toronto District School Board,chemical_feed,SUPPORTING,TDSB_RELATED_MECHANICAL_RENEWAL,,,,,,,,HIGH,| Auxiliary Equipment - Chemical Feed Systems Renewal | High
tdsb:3432:cooling_tower:1,tdsb_facility_condition_renewal,3432,2025_FCI,https://www.tdsb.on.ca/Find-your/Schools/School-FCI/schno/3432,tdsb-schno:3432,,"50 Francine Dr, North York, ON, M2H 2G6",A Y Jackson Secondary School,Toronto District School Board,cooling_tower,CONFIRMED,TDSB_COOLING_TOWER_RENEWAL,,,,,,,,MEDIUM,| Chilled Water Systems - Cooling Tower Renewal | Medium
tdsb:3448:chemical_feed:0,tdsb_facility_condition_renewal,3448,2025_FCI,https://www.tdsb.on.ca/Find-your/Schools/School-FCI/schno/3448,tdsb-schno:3448,,"755 Oakdale Rd, North York, ON, M3N 1W7",Westview Centennial Secondary School,Toronto District School Board,chemical_feed,SUPPORTING,TDSB_RELATED_MECHANICAL_RENEWAL,,,,,,,,MEDIUM,| Auxiliary Equipment - Chemical Feed Systems Renewal | Medium
tdsb:3448:cooling_tower:1,tdsb_facility_condition_renewal,3448,2025_FCI,https://www.tdsb.on.ca/Find-your/Schools/School-FCI/schno/3448,tdsb-schno:3448,,"755 Oakdale Rd, North York, ON, M3N 1W7",Westview Centennial Secondary School,Toronto District School Board,cooling_tower,CONFIRMED,TDSB_COOLING_TOWER_RENEWAL,,,,,,,,MEDIUM,| D303012 Chilled Water Systems - Cooling Towers Renewal | Medium
tdsb:4175:chiller:0,tdsb_facility_condition_renewal,4175,2025_FCI,https://www.tdsb.on.ca/Find-your/Schools/School-FCI/schno/4175,tdsb-schno:4175,,"720 Midland Ave, Scarborough, ON, M1K 4C9",Scarborough Centre for Alternative Studies,Toronto District School Board,chiller,SUPPORTING,TDSB_RELATED_MECHANICAL_RENEWAL,,,,,,,,HIGH,| Chilled Water Systems - Chiller Renewal | High
tdsb:4175:cooling_tower:1,tdsb_facility_condition_renewal,4175,2025_FCI,https://www.tdsb.on.ca/Find-your/Schools/School-FCI/schno/4175,tdsb-schno:4175,,"720 Midland Ave, Scarborough, ON, M1K 4C9",Scarborough Centre for Alternative Studies,Toronto District School Board,cooling_tower,CONFIRMED,TDSB_COOLING_TOWER_RENEWAL,,,,,,,,HIGH,| Chilled Water Systems - Cooling Tower Renewal | High
tdsb:5219:chemical_feed:0,tdsb_facility_condition_renewal,5219,2025_FCI,https://www.tdsb.on.ca/Find-your/Schools/School-FCI/schno/5219,tdsb-schno:5219,,"350 Parliament St, Toronto, ON, M5A 2Z7",Lord Dufferin Junior and Senior Public School,Toronto District School Board,chemical_feed,SUPPORTING,TDSB_RELATED_MECHANICAL_RENEWAL,,,,,,,,HIGH,| Auxiliary Equipment - Chemical Feed System Renewal | High
tdsb:5219:chiller:1,tdsb_facility_condition_renewal,5219,2025_FCI,https://www.tdsb.on.ca/Find-your/Schools/School-FCI/schno/5219,tdsb-schno:5219,,"350 Parliament St, Toronto, ON, M5A 2Z7",Lord Dufferin Junior and Senior Public School,Toronto District School Board,chiller,SUPPORTING,TDSB_RELATED_MECHANICAL_RENEWAL,,,,,,,,MEDIUM,| Chilled Water Systems - Centrifugal Chillers Renewal | Medium
tdsb:5219:cooling_tower:2,tdsb_facility_condition_renewal,5219,2025_FCI,https://www.tdsb.on.ca/Find-your/Schools/School-FCI/schno/5219,tdsb-schno:5219,,"350 Parliament St, Toronto, ON, M5A 2Z7",Lord Dufferin Junior and Senior Public School,Toronto District School Board,cooling_tower,CONFIRMED,TDSB_COOLING_TOWER_RENEWAL,,,,,,,,MEDIUM,| Chilled Water Systems - Cooling Towers Renewal | Medium
tdsb:5262:chemical_feed:0,tdsb_facility_condition_renewal,5262,2025_FCI,https://www.tdsb.on.ca/Find-your/Schools/School-FCI/schno/5262,tdsb-schno:5262,,"78 Seaforth Ave, Toronto, ON, M6K 3L2",Parkdale Junior and Senior Public School,Toronto District School Board,chemical_feed,SUPPORTING,TDSB_RELATED_MECHANICAL_RENEWAL,,,,,,,,HIGH,| Auxiliary Equipment - Chemical Feed Systems Renewal | High
tdsb:5262:cooling_tower:1,tdsb_facility_condition_renewal,5262,2025_FCI,https://www.tdsb.on.ca/Find-your/Schools/School-FCI/schno/5262,tdsb-schno:5262,,"78 Seaforth Ave, Toronto, ON, M6K 3L2",Parkdale Junior and Senior Public School,Toronto District School Board,cooling_tower,CONFIRMED,TDSB_COOLING_TOWER_RENEWAL,,,,,,,,HIGH,| Chilled Water Systems - Cooling Tower Renewal | High
permit:active:23 216429 MSA:00:chiller,toronto_building_permits_active,active:23 216429 MSA:00,active,https://open.toronto.ca/dataset/building-permits-active-permits/,toronto-address:0fe02942cdb7892c,,323 RICHMOND ST E,,,chiller,SUPPORTING,SOURCE_ACTIVE_MECHANICAL_PERMIT,,REPLACE_OR_RENEW_TOWER,toronto-permit:23 216429 MSA,28b68b606ba8da54,2023-10-26,1037,False,,Replacement of Chiller and Cooling Tower. | Other(MS) | Mechanical(MS) | Condominium | Condominium | Apartment Building
permit:active:23 216429 MSA:00:cooling_tower,toronto_building_permits_active,active:23 216429 MSA:00,active,https://open.toronto.ca/dataset/building-permits-active-permits/,toronto-address:0fe02942cdb7892c,,323 RICHMOND ST E,,,cooling_tower,CONFIRMED,SOURCE_ACTIVE_COOLING_TOWER_PERMIT,REPLACE_OR_RENEW_TOWER,,toronto-permit:23 216429 MSA,28b68b606ba8da54,2023-10-26,1037,False,,Replacement of Chiller and Cooling Tower. | Other(MS) | Mechanical(MS) | Condominium | Condominium | Apartment Building
permit:active:17 126227 MSA:00:chiller,toronto_building_permits_active,active:17 126227 MSA:00,active,https://open.toronto.ca/dataset/building-permits-active-permits/,toronto-address:16a352860622bb56,,71 SIMCOE ST,,,chiller,SUPPORTING,SOURCE_ACTIVE_MECHANICAL_PERMIT,,,toronto-permit:17 126227 MSA,2a69651363efe0b2,2017-04-04,3433,False,,"Replacement of Existing Air cooled Chiller Unit, and existing chilled water pumps. | Alter: Boiler/Furnace/AC Replacement | Mechanical(MS) | Apartment | Apartment | Apartment Building"
permit:active:08 109575 HVA:00:chiller,toronto_building_permits_active,active:08 109575 HVA:00,active,https://open.toronto.ca/dataset/building-permits-active-permits/,toronto-address:c972c91ae7b1dc29,,3197-3199 LAKE SHORE BLVD W,,,chiller,SUPPORTING,SOURCE_ACTIVE_MECHANICAL_PERMIT,,,toronto-permit:08 109575 HVA,c86e76da62cbb16f,2008-03-07,6748,False,,HVAC - removal of exsting chiller tower with structural work to roof | Building Permit Related(MS) | Mechanical(MS) | Sr'S Home | Sr'S Home | Home for the Aged
permit:cleared:08 109575 BLD:00:chiller,toronto_building_permits_cleared,cleared:08 109575 BLD:00,cleared,https://open.toronto.ca/dataset/building-permits-cleared-permits/,toronto-address:c972c91ae7b1dc29,,3197-3199 LAKE SHORE BLVD W,,,chiller,SUPPORTING,HISTORICAL_MECHANICAL_PROJECT,,,toronto-permit:08 109575 BLD,c2a5beb40d3774f6,2026-06-08,,,,removal of exsting chiller tower with structural work to roof | Other(BA) | Building Additions/Alterations | Sr'S Home | Sr'S Home | Home for the Aged
permit:active:26 102675 MSA:00:chiller,toronto_building_permits_active,active:26 102675 MSA:00,active,https://open.toronto.ca/dataset/building-permits-active-permits/,toronto-address:e594fd4f2a055b06,,50 OAK ST,,,chiller,SUPPORTING,RECENT_SOURCE_ACTIVE_MECHANICAL_PERMIT,,INSTALL_OR_ADD_TOWER,toronto-permit:26 102675 MSA,8798b0177ebeac4f,2026-02-09,200,True,,"The installation of two 5500 MBH condensing gas-fired boilers, one 1500 ton chiller and cooling towers, and ancillary equipment in the penthouse mechanical room. Additionally, the installation of pressure break heat exchangers in the P1 level, as well as distribution pumps and piping to interconnect with RPEI's existing district energy system. | HVAC: Other Group C Buildings | Mechanical(MS) | Apartment Building | Apartment Building | Apartment Building"
permit:active:26 102675 MSA:00:cooling_tower,toronto_building_permits_active,active:26 102675 MSA:00,active,https://open.toronto.ca/dataset/building-permits-active-permits/,toronto-address:e594fd4f2a055b06,,50 OAK ST,,,cooling_tower,CONFIRMED,RECENT_SOURCE_ACTIVE_COOLING_TOWER_PERMIT,INSTALL_OR_ADD_TOWER,,toronto-permit:26 102675 MSA,8798b0177ebeac4f,2026-02-09,200,True,,"The installation of two 5500 MBH condensing gas-fired boilers, one 1500 ton chiller and cooling towers, and ancillary equipment in the penthouse mechanical room. Additionally, the installation of pressure break heat exchangers in the P1 level, as well as distribution pumps and piping to interconnect with RPEI's existing district energy system. | HVAC: Other Group C Buildings | Mechanical(MS) | Apartment Building | Apartment Building | Apartment Building"
permit:cleared:20 199320 MSA:00:chiller,toronto_building_permits_cleared,cleared:20 199320 MSA:00,cleared,https://open.toronto.ca/dataset/building-permits-cleared-permits/,toronto-geoid:10011100,10011100,30 DEE AVE,,,chiller,SUPPORTING,HISTORICAL_MECHANICAL_PROJECT,,,toronto-permit:20 199320 MSA,48d4c221558593a2,2022-03-14,,,,"Proposal to replace the mechanical system - chiller unit, boiler, humidifiers | Alter: Boiler/Furnace/AC Replacement | Mechanical(MS) | Industrial - City Water Plant | Industrial - City Water Plant | Industrial"
permit:cleared:17 106758 MSA:00:chiller,toronto_building_permits_cleared,cleared:17 106758 MSA:00,cleared,https://open.toronto.ca/dataset/building-permits-cleared-permits/,toronto-geoid:1008107,1008107,101 HUMBER COLLEGE BLVD,,,chiller,SUPPORTING,HISTORICAL_MECHANICAL_PROJECT,,,toronto-permit:17 106758 MSA,fd15ac3223839b32,2017-03-15,,,,"Installation of chiller on the roof, refridgeration piping, clycol, new chiller system connected to existing seimens CDU | Other(MS) | Mechanical(MS) | Hospital | Hospital | Hospital"
permit:active:20 165219 MSA:00:chiller,toronto_building_permits_active,active:20 165219 MSA:00,active,https://open.toronto.ca/dataset/building-permits-active-permits/,toronto-geoid:10133201,10133201,22 ST CLAIR AVE E,,,chiller,SUPPORTING,SOURCE_ACTIVE_MECHANICAL_PERMIT,,REPLACE_OR_RENEW_TOWER,toronto-permit:20 165219 MSA,ff0b9aba91afcacb,2020-09-22,2166,False,,"Proposal to replace cooling tower , two chillers and associated pumps and piping for chiller plant upgrades. | Alter: Boiler/Furnace/AC Replacement | Mechanical(MS) | Office | Office | Multiple Unit Building"
permit:active:20 165219 MSA:00:cooling_tower,toronto_building_permits_active,active:20 165219 MSA:00,active,https://open.toronto.ca/dataset/building-permits-active-permits/,toronto-geoid:10133201,10133201,22 ST CLAIR AVE E,,,cooling_tower,CONFIRMED,SOURCE_ACTIVE_COOLING_TOWER_PERMIT,REPLACE_OR_RENEW_TOWER,,toronto-permit:20 165219 MSA,ff0b9aba91afcacb,2020-09-22,2166,False,,"Proposal to replace cooling tower , two chillers and associated pumps and piping for chiller plant upgrades. | Alter: Boiler/Furnace/AC Replacement | Mechanical(MS) | Office | Office | Multiple Unit Building"
permit:cleared:10 111457 MSA:00:chiller,toronto_building_permits_cleared,cleared:10 111457 MSA:00,cleared,https://open.toronto.ca/dataset/building-permits-cleared-permits/,toronto-geoid:10142946,10142946,40 WYNFORD DR,,,chiller,SUPPORTING,HISTORICAL_MECHANICAL_PROJECT,,,toronto-permit:10 111457 MSA,b8f7435f28896a25,2025-11-20,,,,Replace chiller in mechanical room roof top | Alter: Boiler/Furnace/AC Replacement | Mechanical(MS) | Office | Office | Office
permit:active:23 231889 HVA:00:chiller,toronto_building_permits_active,active:23 231889 HVA:00,active,https://open.toronto.ca/dataset/building-permits-active-permits/,toronto-geoid:10154617,10154617,1900 SHEPPARD AVE W,,,chiller,SUPPORTING,SOURCE_ACTIVE_MECHANICAL_PERMIT,,,toronto-permit:23 231889 HVA,9fde35ea40cf0a3a,2024-09-30,697,False,,HVAC - Proposal for replacement of chiller and make-up air unit | Building Permit Related(MS) | Mechanical(MS) | Apartments | Apartments | Apartment Building
permit:cleared:23 231889 BLD:00:chiller,toronto_building_permits_cleared,cleared:23 231889 BLD:00,cleared,https://open.toronto.ca/dataset/building-permits-cleared-permits/,toronto-geoid:10154617,10154617,1900 SHEPPARD AVE W,,,chiller,SUPPORTING,HISTORICAL_MECHANICAL_PROJECT,,,toronto-permit:23 231889 BLD,af39122424deab9a,2025-12-10,,,,Proposal to replace the chiller and make-up air unit on the rooftop of an existing apartment building. | Other(BA) | Building Additions/Alterations | Apartments | Apartments | Apartment Building
permit:cleared:19 113534 BLD:00:chiller,toronto_building_permits_cleared,cleared:19 113534 BLD:00,cleared,https://open.toronto.ca/dataset/building-permits-cleared-permits/,toronto-geoid:10222905,10222905,77 ADELAIDE ST W,,,chiller,SUPPORTING,HISTORICAL_MECHANICAL_PROJECT,,,toronto-permit:19 113534 BLD,e48aa899ce7e8559,2020-02-13,,,,"Proposed interior alterations to the B1 level, chiller added, and load bank added to the existing podium roof. | Other(BA) | Building Additions/Alterations | Commercial | Power House Structure (Service/Support) | Multiple Use/Non Residential"
permit:cleared:19 113534 HVA:00:chiller,toronto_building_permits_cleared,cleared:19 113534 HVA:00,cleared,https://open.toronto.ca/dataset/building-permits-cleared-permits/,toronto-geoid:10222905,10222905,77 ADELAIDE ST W,,,chiller,SUPPORTING,HISTORICAL_MECHANICAL_PROJECT,,,toronto-permit:19 113534 HVA,3786a3439f683876,2020-02-11,,,,"HVAC - Proposed interior alterations to the B1 level, chiller added, and load bank added to the existing podium roof. | Building Permit Related(MS) | Mechanical(MS) | Commercial | Power House Structure (Service/Support) | Multiple Use/Non Residential"
permit:cleared:04 145264 DST:00:chiller,toronto_building_permits_cleared,cleared:04 145264 DST:00,cleared,https://open.toronto.ca/dataset/building-permits-cleared-permits/,toronto-geoid:1031968,1031968,10 SHORNCLIFFE RD,,,chiller,SUPPORTING,HISTORICAL_MECHANICAL_PROJECT,,,toronto-permit:04 145264 DST,9c908a4fb4148f8c,2026-06-08,,,,Installation of rooftop chiller unit at an existing food processing facility. | Other(DS) | Designated Structures | Industrial Processing Plant
permit:cleared:09 176786 MSA:00:chiller,toronto_building_permits_cleared,cleared:09 176786 MSA:00,cleared,https://open.toronto.ca/dataset/building-permits-cleared-permits/,toronto-geoid:10536994,10536994,300 LESMILL RD,,,chiller,SUPPORTING,HISTORICAL_MECHANICAL_PROJECT,,,toronto-permit:09 176786 MSA,a00b4d46c52366b8,2026-06-08,,,,Replace existing chiller in mechanical room | Other(MS) | Mechanical(MS) | Office | Office | Office
permit:active:16 114715 BLD:01:chiller,toronto_building_permits_active,active:16 114715 BLD:01,active,https://open.toronto.ca/dataset/building-permits-active-permits/,toronto-geoid:10663925,10663925,1 AUSTIN TER,,,chiller,SUPPORTING,SOURCE_ACTIVE_MECHANICAL_PERMIT,,,toronto-permit:16 114715 BLD,482ccbe2498035c5,2016-10-19,3600,False,,"Scope of revision is for inclusion of new enclosures for a new hydro transformer and previously described chiller within the parking structure. See drawing A2.0. Also, scope of revision includes miscellaneous changes throughout the building as shown clouded.Proposal for interior alterations for HVAC upgrades and a new restaurant/kitchen in the existing museum. New elevator. | Interior Alterations | Building Additions/Alterations | Museum | Museum | Museum"
permit:active:25 152062 BLD:00:chiller,toronto_building_permits_active,active:25 152062 BLD:00,active,https://open.toronto.ca/dataset/building-permits-active-permits/,toronto-geoid:10750671,10750671,130 OVERLEA BLVD,,,chiller,SUPPORTING,SOURCE_ACTIVE_MECHANICAL_PERMIT,,,toronto-permit:25 152062 BLD,1d02e50f366c2a96,2025-05-26,459,False,,Replacement of an existing split chiller with a new rooftop air-cooled chiller. | Interior Alterations | Building Additions/Alterations | Elementary School | Elementary School | Elementary School
permit:active:25 152062 HVA:00:chiller,toronto_building_permits_active,active:25 152062 HVA:00,active,https://open.toronto.ca/dataset/building-permits-active-permits/,toronto-geoid:10750671,10750671,130 OVERLEA BLVD,,,chiller,SUPPORTING,RECENT_SOURCE_ACTIVE_MECHANICAL_PERMIT,,,toronto-permit:25 152062 HVA,97e9baabd8fe2cba,2025-09-08,354,True,,HVAC - Replacement of an existing split chiller with a new rooftop air-cooled chiller. | Building Permit Related(MS) | Mechanical(MS) | Elementary School | Elementary School | Elementary School
permit:active:17 253386 BLD:00:chiller,toronto_building_permits_active,active:17 253386 BLD:00,active,https://open.toronto.ca/dataset/building-permits-active-permits/,toronto-geoid:10757635,10757635,30 THE QUEENSWAY,,,chiller,SUPPORTING,SOURCE_ACTIVE_MECHANICAL_PERMIT,,REPLACE_OR_RENEW_TOWER,toronto-permit:17 253386 BLD,f41586ba06420877,2017-12-08,3185,False,,"Proposed new cooling tower for Barnicke wing chiller replacement for existing hospital, *St Joseph's Health Centre* | Other(BA) | Building Additions/Alterations | Hospital | Same | Hospital"
permit:active:17 253386 BLD:00:cooling_tower,toronto_building_permits_active,active:17 253386 BLD:00,active,https://open.toronto.ca/dataset/building-permits-active-permits/,toronto-geoid:10757635,10757635,30 THE QUEENSWAY,,,cooling_tower,CONFIRMED,SOURCE_ACTIVE_COOLING_TOWER_PERMIT,REPLACE_OR_RENEW_TOWER,,toronto-permit:17 253386 BLD,f41586ba06420877,2017-12-08,3185,False,,"Proposed new cooling tower for Barnicke wing chiller replacement for existing hospital, *St Joseph's Health Centre* | Other(BA) | Building Additions/Alterations | Hospital | Same | Hospital"
permit:active:17 253386 HVA:00:chiller,toronto_building_permits_active,active:17 253386 HVA:00,active,https://open.toronto.ca/dataset/building-permits-active-permits/,toronto-geoid:10757635,10757635,30 THE QUEENSWAY,,,chiller,SUPPORTING,SOURCE_ACTIVE_MECHANICAL_PERMIT,,REPLACE_OR_RENEW_TOWER,toronto-permit:17 253386 HVA,bed334350d98e761,2017-10-25,3229,False,,HVAC - Proposed new cooling tower for Barnicke wing chiller replacement. | Building Permit Related(MS) | Mechanical(MS) | Hospital | Same | Hospital
permit:active:17 253386 HVA:00:cooling_tower,toronto_building_permits_active,active:17 253386 HVA:00,active,https://open.toronto.ca/dataset/building-permits-active-permits/,toronto-geoid:10757635,10757635,30 THE QUEENSWAY,,,cooling_tower,CONFIRMED,SOURCE_ACTIVE_COOLING_TOWER_PERMIT,REPLACE_OR_RENEW_TOWER,,toronto-permit:17 253386 HVA,bed334350d98e761,2017-10-25,3229,False,,HVAC - Proposed new cooling tower for Barnicke wing chiller replacement. | Building Permit Related(MS) | Mechanical(MS) | Hospital | Same | Hospital
permit:active:22 202915 BLD:00:chiller,toronto_building_permits_active,active:22 202915 BLD:00,active,https://open.toronto.ca/dataset/building-permits-active-permits/,toronto-geoid:10759047,10759047,11 WALMER RD,,,chiller,SUPPORTING,SOURCE_ACTIVE_MECHANICAL_PERMIT,,,toronto-permit:22 202915 BLD,930e2eeaf58f737e,2022-10-28,1400,False,,"Proposal to install air cooled scroll chiller on the roof of the building, related to 19-264503 HVA amendment request. | Interior Alterations | Building Additions/Alterations | Apartment Building | Apartment Building | Apartment Building"
permit:cleared:22 110068 MSA:00:chiller,toronto_building_permits_cleared,cleared:22 110068 MSA:00,cleared,https://open.toronto.ca/dataset/building-permits-cleared-permits/,toronto-geoid:10906589,10906589,525 BAY ST,,,chiller,SUPPORTING,HISTORICAL_MECHANICAL_PROJECT,,,toronto-permit:22 110068 MSA,ab05aa0ed1ecc22c,2022-12-05,,,,Propose for the replacement of the chiller in the hotel mechanical room. A new floor drain is required to accomodate the backwash to be installed with new chiller. The floor drain will connect to existing sanitary stack located in the lower level of the mechanical room. | Other(MS) | Mechanical(MS) | Hotel | Hotel | Motel/Hotel
permit:cleared:22 110079 PSA:00:chiller,toronto_building_permits_cleared,cleared:22 110079 PSA:00,cleared,https://open.toronto.ca/dataset/building-permits-cleared-permits/,toronto-geoid:10906589,10906589,525 BAY ST,,,chiller,SUPPORTING,HISTORICAL_MECHANICAL_PROJECT,,,toronto-permit:22 110079 PSA,ab05aa0ed1ecc22c,2023-06-16,,,,Propose for the replacement of the chiller in the hotel mechanical room. A new floor drain is required to accomodate the backwash to be installed with new chiller. The floor drain will connect to existing sanitary stack located in the lower level of the mechanical room. | Other(PS) | Plumbing(PS) | Hotel | Hotel | Motel/Hotel
permit:active:17 154046 MSA:00:chiller,toronto_building_permits_active,active:17 154046 MSA:00,active,https://open.toronto.ca/dataset/building-permits-active-permits/,toronto-geoid:10906700,10906700,25 ELM ST,,,chiller,SUPPORTING,SOURCE_ACTIVE_MECHANICAL_PERMIT,,,toronto-permit:17 154046 MSA,512ea1969892b1c0,2017-06-01,3375,False,,Proposal to replace existing chiller in Toronto Communit Housing building. | Alter: Boiler/Furnace/AC Replacement | Mechanical(MS) | Apartment & Commercial | Same | Multiple Unit Building
permit:cleared:16 139983 BLD:00:chiller,toronto_building_permits_cleared,cleared:16 139983 BLD:00,cleared,https://open.toronto.ca/dataset/building-permits-cleared-permits/,toronto-geoid:11227032,11227032,65 ST GEORGE ST,,,chiller,SUPPORTING,HISTORICAL_MECHANICAL_PROJECT,,,toronto-permit:16 139983 BLD,647c1dd268fbd17a,2019-01-23,,,,Proposal for interior alterations to basement level to support the installation of a new outdoor mechanical chiller unit | Other(BA) | Building Additions/Alterations | Office | Office | Office
permit:cleared:16 139983 HVA:00:chiller,toronto_building_permits_cleared,cleared:16 139983 HVA:00,cleared,https://open.toronto.ca/dataset/building-permits-cleared-permits/,toronto-geoid:11227032,11227032,65 ST GEORGE ST,,,chiller,SUPPORTING,HISTORICAL_MECHANICAL_PROJECT,,,toronto-permit:16 139983 HVA,2546d63bce87fbea,2019-01-23,,,,HVAC - Proposal for interior alterations to basement level to support the installation of a new outdoor mechanical chiller unit | Building Permit Related(MS) | Mechanical(MS) | Office | Office | Office
permit:cleared:02 108120 BLD:00:chiller,toronto_building_permits_cleared,cleared:02 108120 BLD:00,cleared,https://open.toronto.ca/dataset/building-permits-cleared-permits/,toronto-geoid:11267781,11267781,122 ARROW RD,,,chiller,SUPPORTING,HISTORICAL_MECHANICAL_PROJECT,,,toronto-permit:02 108120 BLD,2b5a27b8a09873c5,2026-06-08,,,,CONSTRUCTION OF A NEW MEZZANINE WITH A NEW CHILLER ROOM ON THE GROUND FLOOR | Multiple Projects | Building Additions/Alterations | Industrial Manufacturing Plant
permit:cleared:18 223090 BLD:00:chiller,toronto_building_permits_cleared,cleared:18 223090 BLD:00,cleared,https://open.toronto.ca/dataset/building-permits-cleared-permits/,toronto-geoid:11484425,11484425,2235 SHEPPARD AVE E,,,chiller,SUPPORTING,HISTORICAL_MECHANICAL_PROJECT,,,toronto-permit:18 223090 BLD,df00d1376e435bb4,2023-03-23,,,,"Remove one existing 800kw standby generators, replace with one 175kw generator to connect to the existing 1000A ATS. Disconnect and disable existing back up chiller. Leave chiller and transformer at original location: however, remove all the cable, conduit, pipe, and duct. Disconnect and disable existing 3rd floor fresh air fan. Disconnect and remove the glycol pumps, air compressor and associated duct and pipes. | Other(BA) | Building Additions/Alterations | Office | Office | Office"
permit:cleared:18 223090 HVA:00:chiller,toronto_building_permits_cleared,cleared:18 223090 HVA:00,cleared,https://open.toronto.ca/dataset/building-permits-cleared-permits/,toronto-geoid:11484425,11484425,2235 SHEPPARD AVE E,,,chiller,SUPPORTING,HISTORICAL_MECHANICAL_PROJECT,,,toronto-permit:18 223090 HVA,e29fd2da4ee92e97,2023-03-06,,,,"HVAC - Remove one existing 800kw standby generators, replace with one 175kw generator to connect to the existing 1000A ATS. Disconnect and disable existing back up chiller. Leave chiller and transformer at original location: however, remove all the cable, conduit, pipe, and duct. Disconnect and disable existing 3rd floor fresh air fan. Disconnect and remove the glycol pumps, air compressor and associated duct and pipes. | Building Permit Related(MS) | Mechanical(MS) | Office | Office | Office"
permit:cleared:16 269570 BLD:00:chiller,toronto_building_permits_cleared,cleared:16 269570 BLD:00,cleared,https://open.toronto.ca/dataset/building-permits-cleared-permits/,toronto-geoid:11835376,11835376,2 SHEPPARD AVE E,,,chiller,SUPPORTING,HISTORICAL_MECHANICAL_PROJECT,,,toronto-permit:16 269570 BLD,c2f31728dc756fed,2026-07-07,,,,"Interior Alteration of existing building tenant space from offices to a Self Care Dialysis Unit. Work includes revised fire protection, additional plumbing, revised lighting, new RO dialysis equipment for 12 self dialysis chairs, additional HVAC, new AHU, new rooftop chiller. | Interior Alterations | Building Additions/Alterations | Office | Office | Office"
permit:cleared:16 269570 FSU:00:chiller,toronto_building_permits_cleared,cleared:16 269570 FSU:00,cleared,https://open.toronto.ca/dataset/building-permits-cleared-permits/,toronto-geoid:11835376,11835376,2 SHEPPARD AVE E,,,chiller,SUPPORTING,HISTORICAL_MECHANICAL_PROJECT,,,toronto-permit:16 269570 FSU,b970241f3dca408e,2017-10-16,,,,"FS - Sprinkler Shop Drawing - Interior Alteration of existing building tenant space from offices to a Self Care Dialysis Unit. Work includes revised fire protection, additional plumbing, revised lighting, new RO dialysis equipment for 12 self dialysis chairs, additional HVAC, new AHU, new rooftop chiller. | Building Permit Related(FS) | Fire/Security Upgrade | Office | Office | Office"
permit:cleared:16 269570 HVA:00:chiller,toronto_building_permits_cleared,cleared:16 269570 HVA:00,cleared,https://open.toronto.ca/dataset/building-permits-cleared-permits/,toronto-geoid:11835376,11835376,2 SHEPPARD AVE E,,,chiller,SUPPORTING,HISTORICAL_MECHANICAL_PROJECT,,,toronto-permit:16 269570 HVA,990d22359e96331e,2017-12-13,,,,"HVAC - Interior Alteration of existing building tenant space from offices to a Self Care Dialysis Unit. Work includes revised fire protection, additional plumbing, revised lighting, new RO dialysis equipment for 12 self dialysis chairs, additional HVAC, new AHU, new rooftop chiller. | Building Permit Related(MS) | Mechanical(MS) | Office | Office | Office"
permit:cleared:16 269570 PLB:00:chiller,toronto_building_permits_cleared,cleared:16 269570 PLB:00,cleared,https://open.toronto.ca/dataset/building-permits-cleared-permits/,toronto-geoid:11835376,11835376,2 SHEPPARD AVE E,,,chiller,SUPPORTING,HISTORICAL_MECHANICAL_PROJECT,,,toronto-permit:16 269570 PLB,0f4d8d46ad4d4eaa,2017-12-22,,,,"Plumbing - Interior Alteration of existing building tenant space from offices to a Self Care Dialysis Unit. Work includes revised fire protection, additional plumbing, revised lighting, new RO dialysis equipment for 12 self dialysis chairs, additional HVAC, new AHU, new rooftop chiller. | Building Permit Related(PS) | Plumbing(PS) | Office | Office | Office"
permit:cleared:23 177600 MSA:00:chiller,toronto_building_permits_cleared,cleared:23 177600 MSA:00,cleared,https://open.toronto.ca/dataset/building-permits-cleared-permits/,toronto-geoid:11901996,11901996,20 EGLINTON AVE W,,,chiller,SUPPORTING,HISTORICAL_MECHANICAL_PROJECT,,,toronto-permit:23 177600 MSA,4eb8f1d0f0550df7,2024-12-11,,,,"Proposal for (Mechanical Stand-alone for the Mechanical Room) modification of existing air handling unit for cooling coil and filter replacement. addition of a new chiller package and associated pumps, piping and controls to serve the cooling coil | Other(MS) | Mechanical(MS) | Office - Mechanical Room | Office - Mechanical Room | Office"
permit:active:18 227566 MSA:00:chiller,toronto_building_permits_active,active:18 227566 MSA:00,active,https://open.toronto.ca/dataset/building-permits-active-permits/,toronto-geoid:12167660,12167660,4905 DUFFERIN ST,,,chiller,SUPPORTING,SOURCE_ACTIVE_MECHANICAL_PERMIT,,ALTER_REPAIR_OR_UPGRADE_TOWER,toronto-permit:18 227566 MSA,93814a6d44afed8f,2018-10-29,2860,False,,COOLING TOWERS & CHILLER UPGRADES | Alter: Boiler/Furnace/AC Replacement | Mechanical(MS) | Lab | Lab | Laboratory
permit:active:18 227566 MSA:00:cooling_tower,toronto_building_permits_active,active:18 227566 MSA:00,active,https://open.toronto.ca/dataset/building-permits-active-permits/,toronto-geoid:12167660,12167660,4905 DUFFERIN ST,,,cooling_tower,CONFIRMED,SOURCE_ACTIVE_COOLING_TOWER_PERMIT,ALTER_REPAIR_OR_UPGRADE_TOWER,,toronto-permit:18 227566 MSA,93814a6d44afed8f,2018-10-29,2860,False,,COOLING TOWERS & CHILLER UPGRADES | Alter: Boiler/Furnace/AC Replacement | Mechanical(MS) | Lab | Lab | Laboratory
permit:active:17 249171 MSA:00:chiller,toronto_building_permits_active,active:17 249171 MSA:00,active,https://open.toronto.ca/dataset/building-permits-active-permits/,toronto-geoid:12387715,12387715,330 JARVIS ST,,,chiller,SUPPORTING,SOURCE_ACTIVE_MECHANICAL_PERMIT,,,toronto-permit:17 249171 MSA,19caffca668d0fd8,2017-11-15,3208,False,,Proposal to replace existing chiller unit with a new chiller unit. | Alter: Boiler/Furnace/AC Replacement | Mechanical(MS) | Apartment Building | Apartment Building | Apartment Building
permit:cleared:18 135634 BLD:00:chiller,toronto_building_permits_cleared,cleared:18 135634 BLD:00,cleared,https://open.toronto.ca/dataset/building-permits-cleared-permits/,toronto-geoid:12601206,12601206,345 RUMSEY RD,,,chiller,SUPPORTING,HISTORICAL_MECHANICAL_PROJECT,,,toronto-permit:18 135634 BLD,3ca1c02f212bc73b,2018-12-05,,,,"HVAC system upgrades including new rooftop units, demolition of existing chiller and boiler plant, new domestic hot water heaters, modification of terminal units | Re-Roofing/Re-Cladding | Building Additions/Alterations | Health Care Facility | Health Care Facility | Office"
permit:cleared:18 135634 HVA:00:chiller,toronto_building_permits_cleared,cleared:18 135634 HVA:00,cleared,https://open.toronto.ca/dataset/building-permits-cleared-permits/,toronto-geoid:12601206,12601206,345 RUMSEY RD,,,chiller,SUPPORTING,HISTORICAL_MECHANICAL_PROJECT,,,toronto-permit:18 135634 HVA,704cbc339c6e9831,2018-12-05,,,,"HVAC - HVAC system upgrades including new rooftop units, demolition of existing chiller and boiler plant, new domestic hot water heaters, modification of terminal units | Building Permit Related(MS) | Mechanical(MS) | Health Care Facility | Health Care Facility | Office"
permit:cleared:18 135634 PLB:00:chiller,toronto_building_permits_cleared,cleared:18 135634 PLB:00,cleared,https://open.toronto.ca/dataset/building-permits-cleared-permits/,toronto-geoid:12601206,12601206,345 RUMSEY RD,,,chiller,SUPPORTING,HISTORICAL_MECHANICAL_PROJECT,,,toronto-permit:18 135634 PLB,4b4c943d1e0fa347,2018-12-05,,,,"Plumbing - HVAC system upgrades including new rooftop units, demolition of existing chiller and boiler plant, new domestic hot water heaters, modification of terminal units | Building Permit Related(PS) | Plumbing(PS) | Health Care Facility | Health Care Facility | Office"
permit:active:11 181530 PSA:00:chiller,toronto_building_permits_active,active:11 181530 PSA:00,active,https://open.toronto.ca/dataset/building-permits-active-permits/,toronto-geoid:12601262,12601262,190 SIMCOE ST,,,chiller,SUPPORTING,SOURCE_ACTIVE_MECHANICAL_PERMIT,,,toronto-permit:11 181530 PSA,004f2b493c25ca45,2011-05-19,5580,False,,"This is for the installation of three(3) backflow prevention devices, one(1) to be installed on the water line and two(2) devices to be installed on the fire line. The installation is to take place on the below grade 01 level, chiller room. | Backflow Prevention Devices (Water only) | Plumbing(PS) | Office Building | Office Building | Office"
permit:active:02 112494 BLD:00:chiller,toronto_building_permits_active,active:02 112494 BLD:00,active,https://open.toronto.ca/dataset/building-permits-active-permits/,toronto-geoid:12601290,12601290,500 UNIVERSITY AVE,,,chiller,SUPPORTING,SOURCE_ACTIVE_MECHANICAL_PERMIT,,,toronto-permit:02 112494 BLD,ebfd3fb5b4599eeb,2002-03-01,8946,False,,Make alterations and install partitions on all floors (basement to 10th floor) for office and creation of classrooms on portions of the 1st and 2nd floors. Also make structural alterations to the roof and construct platform on the roof of mechanical penthouse for support of chiller. | Multiple Projects | Building Additions/Alterations | Multiple Use/Non Residential
permit:cleared:17 139058 MSA:00:chiller,toronto_building_permits_cleared,cleared:17 139058 MSA:00,cleared,https://open.toronto.ca/dataset/building-permits-cleared-permits/,toronto-geoid:12763885,12763885,90-94 ADELAIDE ST W,,,chiller,SUPPORTING,HISTORICAL_MECHANICAL_PROJECT,,,toronto-permit:17 139058 MSA,27c4781cd8bf88bf,2017-08-18,,,,"Remove existing chiller in install new chiller on the existing concrete house keeping pad c/w new spring isolators, provide new butterfly valves and reconnect chilled water piping, re-insulate existing and new exterior chilled water piping | Other(MS) | Mechanical(MS) | Office | Office | Multiple Use/Non Residential"
permit:active:08 222029 HVA:00:chiller,toronto_building_permits_active,active:08 222029 HVA:00,active,https://open.toronto.ca/dataset/building-permits-active-permits/,toronto-geoid:12763889,12763889,65 QUEEN ST W,,,chiller,SUPPORTING,SOURCE_ACTIVE_MECHANICAL_PERMIT,,,toronto-permit:08 222029 HVA,0c18c2be3ea89b0b,2008-12-10,6470,False,,HVAC - Chiller retrofit proposal for mechanical/electrical room equipment replacement/upgrades on ground floor and below ground as per submitted plans. Examiner to verify fees. | Building Permit Related(MS) | Mechanical(MS) | Office | Same | Office
permit:cleared:16 118684 MSA:00:chiller,toronto_building_permits_cleared,cleared:16 118684 MSA:00,cleared,https://open.toronto.ca/dataset/building-permits-cleared-permits/,toronto-geoid:13494194,13494194,390 THE WEST MALL,,,chiller,SUPPORTING,HISTORICAL_MECHANICAL_PROJECT,,,toronto-permit:16 118684 MSA,94a1d1a0ff4971ec,2018-02-27,,,,Proposed Electrical & Mechanical System Replacement & Upgrades. Mechanical scope includes replacement of two unit heaters and installation of 300 ton chiller in existing service building. Related to building permit 16 118671 BLD 00 BA. | Alter: Boiler/Furnace/AC Replacement | Mechanical(MS) | Service Building | Service Building | Other
permit:active:12 252900 BLD:00:chiller,toronto_building_permits_active,active:12 252900 BLD:00,active,https://open.toronto.ca/dataset/building-permits-active-permits/,toronto-geoid:13498043,13498043,610 UNIVERSITY AVE,,,chiller,SUPPORTING,SOURCE_ACTIVE_MECHANICAL_PERMIT,,,toronto-permit:12 252900 BLD,f0fd4c3291728fa7,2012-10-15,5065,False,,Proposal for structural work related to a proposed roof top chiller unit.. Tenant is the University Health Network. | Other(BA) | Building Additions/Alterations | Hospital | Same | Hospital
permit:active:12 252900 PLB:00:chiller,toronto_building_permits_active,active:12 252900 PLB:00,active,https://open.toronto.ca/dataset/building-permits-active-permits/,toronto-geoid:13498043,13498043,610 UNIVERSITY AVE,,,chiller,SUPPORTING,SOURCE_ACTIVE_MECHANICAL_PERMIT,,,toronto-permit:12 252900 PLB,218013536dccfa4c,2012-10-30,5050,False,,"Plumbing - Proposal for structural work related to a proposed roof top chiller unit.. Tenant is the University Health Network. No fixtures proposed, only pipework. | Building Permit Related(PS) | Plumbing(PS) | Hospital | Same | Hospital"
permit:cleared:20 186423 BLD:01:chiller,toronto_building_permits_cleared,cleared:20 186423 BLD:01,cleared,https://open.toronto.ca/dataset/building-permits-cleared-permits/,toronto-geoid:13501524,13501524,555 FINCH AVE W,,,chiller,SUPPORTING,HISTORICAL_MECHANICAL_PROJECT,,REPLACE_OR_RENEW_TOWER,toronto-permit:20 186423 BLD,1ba3a6d300078b2f,2024-02-02,,,,"REVISION - replace the existing cooling tower and chiller plantInterior renovation and refurbishment of the Branson Ambulatory Care Centre (East Wing and parts of Centre Wing) renewed and re-purposed to a Reactivation Care Centre will consist of renovation and refurbishment of East Wing levels 2,3,4,5, and parts of basement and ground level. Approximately 1672 m2 per floor, 32 units approximately per floor level from 2 to 5 (combination of single and double occupancy room) | Interior Alterations | Building Additions/Alterations | Ambulatory Care Centre | Reactivation Care Centre | Hospital"
permit:cleared:20 186423 BLD:01:cooling_tower,toronto_building_permits_cleared,cleared:20 186423 BLD:01,cleared,https://open.toronto.ca/dataset/building-permits-cleared-permits/,toronto-geoid:13501524,13501524,555 FINCH AVE W,,,cooling_tower,CONFIRMED,COOLING_TOWER_PROJECT_HISTORY,REPLACE_OR_RENEW_TOWER,,toronto-permit:20 186423 BLD,1ba3a6d300078b2f,2024-02-02,,,,"REVISION - replace the existing cooling tower and chiller plantInterior renovation and refurbishment of the Branson Ambulatory Care Centre (East Wing and parts of Centre Wing) renewed and re-purposed to a Reactivation Care Centre will consist of renovation and refurbishment of East Wing levels 2,3,4,5, and parts of basement and ground level. Approximately 1672 m2 per floor, 32 units approximately per floor level from 2 to 5 (combination of single and double occupancy room) | Interior Alterations | Building Additions/Alterations | Ambulatory Care Centre | Reactivation Care Centre | Hospital"
permit:cleared:20 186423 BLD:02:chiller,toronto_building_permits_cleared,cleared:20 186423 BLD:02,cleared,https://open.toronto.ca/dataset/building-permits-cleared-permits/,toronto-geoid:13501524,13501524,555 FINCH AVE W,,,chiller,SUPPORTING,HISTORICAL_MECHANICAL_PROJECT,,REPLACE_OR_RENEW_TOWER,toronto-permit:20 186423 BLD,9c1d1a4b6f7a3e50,2024-02-02,,,,"REV 02: Proposal for revised locations of sprinkler zone valve cabinets. REVISION - replace the existing cooling tower and chiller plantInterior renovation and refurbishment of the Branson Ambulatory Care Centre (East Wing and parts of Centre Wing) renewed and re-purposed to a Reactivation Care Centre will consist of renovation and refurbishment of East Wing levels 2,3,4,5, and parts of basement and ground level. Approximately 1672 m2 per floor, 32 units approximately per floor level from 2 to 5 (combination of single and double occupancy room) | Interior Alterations | Building Additions/Alterations | Ambulatory Care Centre | Reactivation Care Centre | Hospital"
permit:cleared:20 186423 BLD:02:cooling_tower,toronto_building_permits_cleared,cleared:20 186423 BLD:02,cleared,https://open.toronto.ca/dataset/building-permits-cleared-permits/,toronto-geoid:13501524,13501524,555 FINCH AVE W,,,cooling_tower,CONFIRMED,COOLING_TOWER_PROJECT_HISTORY,REPLACE_OR_RENEW_TOWER,,toronto-permit:20 186423 BLD,9c1d1a4b6f7a3e50,2024-02-02,,,,"REV 02: Proposal for revised locations of sprinkler zone valve cabinets. REVISION - replace the existing cooling tower and chiller plantInterior renovation and refurbishment of the Branson Ambulatory Care Centre (East Wing and parts of Centre Wing) renewed and re-purposed to a Reactivation Care Centre will consist of renovation and refurbishment of East Wing levels 2,3,4,5, and parts of basement and ground level. Approximately 1672 m2 per floor, 32 units approximately per floor level from 2 to 5 (combination of single and double occupancy room) | Interior Alterations | Building Additions/Alterations | Ambulatory Care Centre | Reactivation Care Centre | Hospital"
permit:cleared:20 186423 BLD:03:chiller,toronto_building_permits_cleared,cleared:20 186423 BLD:03,cleared,https://open.toronto.ca/dataset/building-permits-cleared-permits/,toronto-geoid:13501524,13501524,555 FINCH AVE W,,,chiller,SUPPORTING,HISTORICAL_MECHANICAL_PROJECT,,REPLACE_OR_RENEW_TOWER,toronto-permit:20 186423 BLD,9ceceb87e583516a,2024-02-02,,,,"REV 03: The scope of work involved upgrading the ceiling performance assembly of the existing ceiling area of Corridor 165 and remaining ceiling areas of Corridor 164 to meet fireproofing equirements.fire separationREV 02: Proposal for revised locations of sprinkler zone valve cabinets. REVISION - replace the existing cooling tower and chiller plantInterior renovation and refurbishment of the Branson Ambulatory Care Centre (East Wing and parts of Centre Wing) renewed and re-purposed to a Reactivation Care Centre will consist of renovation and refurbishment of East Wing levels 2,3,4,5, and parts of basement and ground level. Approximately 1672 m2 per floor, 32 units approximately per floor level from 2 to 5 (combination of single and double occupancy room) | Interior Alterations | Building Additions/Alterations | Ambulatory Care Centre | Reactivation Care Centre | Hospital"
permit:cleared:20 186423 BLD:03:cooling_tower,toronto_building_permits_cleared,cleared:20 186423 BLD:03,cleared,https://open.toronto.ca/dataset/building-permits-cleared-permits/,toronto-geoid:13501524,13501524,555 FINCH AVE W,,,cooling_tower,CONFIRMED,COOLING_TOWER_PROJECT_HISTORY,REPLACE_OR_RENEW_TOWER,,toronto-permit:20 186423 BLD,9ceceb87e583516a,2024-02-02,,,,"REV 03: The scope of work involved upgrading the ceiling performance assembly of the existing ceiling area of Corridor 165 and remaining ceiling areas of Corridor 164 to meet fireproofing equirements.fire separationREV 02: Proposal for revised locations of sprinkler zone valve cabinets. REVISION - replace the existing cooling tower and chiller plantInterior renovation and refurbishment of the Branson Ambulatory Care Centre (East Wing and parts of Centre Wing) renewed and re-purposed to a Reactivation Care Centre will consist of renovation and refurbishment of East Wing levels 2,3,4,5, and parts of basement and ground level. Approximately 1672 m2 per floor, 32 units approximately per floor level from 2 to 5 (combination of single and double occupancy room) | Interior Alterations | Building Additions/Alterations | Ambulatory Care Centre | Reactivation Care Centre | Hospital"
permit:active:16 124320 BLD:00:chiller,toronto_building_permits_active,active:16 124320 BLD:00,active,https://open.toronto.ca/dataset/building-permits-active-permits/,toronto-geoid:13501978,13501978,501 CONSUMERS RD,,,chiller,SUPPORTING,SOURCE_ACTIVE_MECHANICAL_PERMIT,,,toronto-permit:16 124320 BLD,d42d789edf038410,2016-03-07,3826,False,,"Proposal to constuct rated enclosure for boiler room and barbeque wash area, install foundations for new chiller equipment and construct a new service catwalk for hvac unit. Related to permits 16 105606 PSA 00 PS & 16 105614 MSA 00 MS. | Multiple Projects | Building Additions/Alterations | Warehouse | Warehouse | Warehouse"
permit:active:23 125684 BLD:00:chiller,toronto_building_permits_active,active:23 125684 BLD:00,active,https://open.toronto.ca/dataset/building-permits-active-permits/,toronto-geoid:13503978,13503978,941 PROGRESS AVE,,,chiller,SUPPORTING,SOURCE_ACTIVE_MECHANICAL_PERMIT,,,toronto-permit:23 125684 BLD,07154eeac502b7d1,2023-06-05,1180,False,,Proposal for new opening(door) and replacement of chiller and associated pumps.(A block) | Interior Alterations | Building Additions/Alterations | Institutional | Institutional | College/Trade/Tech School/Training Cent.
permit:cleared:23 125684 PLB:00:chiller,toronto_building_permits_cleared,cleared:23 125684 PLB:00,cleared,https://open.toronto.ca/dataset/building-permits-cleared-permits/,toronto-geoid:13503978,13503978,941 PROGRESS AVE,,,chiller,SUPPORTING,HISTORICAL_MECHANICAL_PROJECT,,,toronto-permit:23 125684 PLB,db205347dc701cda,2024-06-18,,,,Plumbing - Proposal for new opening(door) and replacement of chiller and associated pumps.(A block) | Building Permit Related(PS) | Plumbing(PS) | Institutional | Institutional | College/Trade/Tech School/Training Cent.
permit:active:20 206221 BLD:00:chiller,toronto_building_permits_active,active:20 206221 BLD:00,active,https://open.toronto.ca/dataset/building-permits-active-permits/,toronto-geoid:13505515,13505515,1 PEMBERTON AVE,,,chiller,SUPPORTING,SOURCE_ACTIVE_MECHANICAL_PERMIT,,REPLACE_OR_RENEW_TOWER,toronto-permit:20 206221 BLD,9fd51a5d5b00b079,2020-11-16,2111,False,,Proposal to replace the existing rooftop chiller and cooling tower for an existing apartment building. | Other(BA) | Building Additions/Alterations | Apartment Building | Apartment Building | Apartment Building
permit:active:20 206221 BLD:00:cooling_tower,toronto_building_permits_active,active:20 206221 BLD:00,active,https://open.toronto.ca/dataset/building-permits-active-permits/,toronto-geoid:13505515,13505515,1 PEMBERTON AVE,,,cooling_tower,CONFIRMED,SOURCE_ACTIVE_COOLING_TOWER_PERMIT,REPLACE_OR_RENEW_TOWER,,toronto-permit:20 206221 BLD,9fd51a5d5b00b079,2020-11-16,2111,False,,Proposal to replace the existing rooftop chiller and cooling tower for an existing apartment building. | Other(BA) | Building Additions/Alterations | Apartment Building | Apartment Building | Apartment Building
permit:active:20 206221 HVA:00:chiller,toronto_building_permits_active,active:20 206221 HVA:00,active,https://open.toronto.ca/dataset/building-permits-active-permits/,toronto-geoid:13505515,13505515,1 PEMBERTON AVE,,,chiller,SUPPORTING,SOURCE_ACTIVE_MECHANICAL_PERMIT,,REPLACE_OR_RENEW_TOWER,toronto-permit:20 206221 HVA,1c2e2a2d0da78c13,2020-11-16,2111,False,,HVAC - Proposal to replace the existing rooftop chiller and cooling tower for an existing apartment building. | Building Permit Related(MS) | Mechanical(MS) | Apartment Building | Apartment Building | Apartment Building
permit:active:20 206221 HVA:00:cooling_tower,toronto_building_permits_active,active:20 206221 HVA:00,active,https://open.toronto.ca/dataset/building-permits-active-permits/,toronto-geoid:13505515,13505515,1 PEMBERTON AVE,,,cooling_tower,CONFIRMED,SOURCE_ACTIVE_COOLING_TOWER_PERMIT,REPLACE_OR_RENEW_TOWER,,toronto-permit:20 206221 HVA,1c2e2a2d0da78c13,2020-11-16,2111,False,,HVAC - Proposal to replace the existing rooftop chiller and cooling tower for an existing apartment building. | Building Permit Related(MS) | Mechanical(MS) | Apartment Building | Apartment Building | Apartment Building
permit:cleared:20 137758 BLD:00:chiller,toronto_building_permits_cleared,cleared:20 137758 BLD:00,cleared,https://open.toronto.ca/dataset/building-permits-cleared-permits/,toronto-geoid:13505515,13505515,1 PEMBERTON AVE,,,chiller,SUPPORTING,HISTORICAL_MECHANICAL_PROJECT,,REPLACE_OR_RENEW_TOWER,toronto-permit:20 137758 BLD,d475cfc96414bb50,2020-09-29,,,,Proposed replacement of existing chiller and cooling tower for an existing apartment building. | Other(BA) | Building Additions/Alterations | Apartment Building | Same | Apartment Building
permit:cleared:20 137758 BLD:00:cooling_tower,toronto_building_permits_cleared,cleared:20 137758 BLD:00,cleared,https://open.toronto.ca/dataset/building-permits-cleared-permits/,toronto-geoid:13505515,13505515,1 PEMBERTON AVE,,,cooling_tower,CONFIRMED,COOLING_TOWER_PROJECT_HISTORY,REPLACE_OR_RENEW_TOWER,,toronto-permit:20 137758 BLD,d475cfc96414bb50,2020-09-29,,,,Proposed replacement of existing chiller and cooling tower for an existing apartment building. | Other(BA) | Building Additions/Alterations | Apartment Building | Same | Apartment Building
permit:cleared:20 137758 HVA:00:chiller,toronto_building_permits_cleared,cleared:20 137758 HVA:00,cleared,https://open.toronto.ca/dataset/building-permits-cleared-permits/,toronto-geoid:13505515,13505515,1 PEMBERTON AVE,,,chiller,SUPPORTING,HISTORICAL_MECHANICAL_PROJECT,,REPLACE_OR_RENEW_TOWER,toronto-permit:20 137758 HVA,eca07da08b572bf5,2020-09-29,,,,HVAC - Proposed replacement of existing chiller and cooling tower for an existing apartment building. | Building Permit Related(MS) | Mechanical(MS) | Apartment Building | Same | Apartment Building
permit:cleared:20 137758 HVA:00:cooling_tower,toronto_building_permits_cleared,cleared:20 137758 HVA:00,cleared,https://open.toronto.ca/dataset/building-permits-cleared-permits/,toronto-geoid:13505515,13505515,1 PEMBERTON AVE,,,cooling_tower,CONFIRMED,COOLING_TOWER_PROJECT_HISTORY,REPLACE_OR_RENEW_TOWER,,toronto-permit:20 137758 HVA,eca07da08b572bf5,2020-09-29,,,,HVAC - Proposed replacement of existing chiller and cooling tower for an existing apartment building. | Building Permit Related(MS) | Mechanical(MS) | Apartment Building | Same | Apartment Building
permit:active:16 272011 MSA:00:chiller,toronto_building_permits_active,active:16 272011 MSA:00,active,https://open.toronto.ca/dataset/building-permits-active-permits/,toronto-geoid:13977191,13977191,222 BREMNER BLVD,,,chiller,SUPPORTING,SOURCE_ACTIVE_MECHANICAL_PERMIT,,,toronto-permit:16 272011 MSA,a07c5805e41c5a46,2017-02-01,3495,False,,"Proposal to install a new chiller with circulating condenser water pumps, piping and wiring. | Alter: Boiler/Furnace/AC Replacement | Mechanical(MS) | Multi Use | Same | Multiple Use/Non Residential"
permit:active:16 272011 MSA:00:condenser_water,toronto_building_permits_active,active:16 272011 MSA:00,active,https://open.toronto.ca/dataset/building-permits-active-permits/,toronto-geoid:13977191,13977191,222 BREMNER BLVD,,,condenser_water,SUPPORTING,SOURCE_ACTIVE_MECHANICAL_PERMIT,,,toronto-permit:16 272011 MSA,a07c5805e41c5a46,2017-02-01,3495,False,,"Proposal to install a new chiller with circulating condenser water pumps, piping and wiring. | Alter: Boiler/Furnace/AC Replacement | Mechanical(MS) | Multi Use | Same | Multiple Use/Non Residential"
permit:active:19 257346 BLD:00:chiller,toronto_building_permits_active,active:19 257346 BLD:00,active,https://open.toronto.ca/dataset/building-permits-active-permits/,toronto-geoid:13977191,13977191,222 BREMNER BLVD,,,chiller,SUPPORTING,SOURCE_ACTIVE_MECHANICAL_PERMIT,,,toronto-permit:19 257346 BLD,b9fbb4f859115a4b,2020-01-28,2404,False,,Proposal to construct a new platform to service the mechanical unit for a proposed hot water and heat recovery chiller plant | Other(BA) | Building Additions/Alterations | Cooling Plant | Cooling Plant | Multiple Unit Building
permit:active:19 257346 HVA:00:chiller,toronto_building_permits_active,active:19 257346 HVA:00,active,https://open.toronto.ca/dataset/building-permits-active-permits/,toronto-geoid:13977191,13977191,222 BREMNER BLVD,,,chiller,SUPPORTING,SOURCE_ACTIVE_MECHANICAL_PERMIT,,,toronto-permit:19 257346 HVA,2863274e76239ce8,2020-01-28,2404,False,,HVAC - Proposal to construct a new platform to service the mechanical unit for a proposed hot water and heat recovery chiller plant | Building Permit Related(MS) | Mechanical(MS) | Cooling Plant | Cooling Plant | Multiple Unit Building
permit:cleared:20 135776 FSU:00:chiller,toronto_building_permits_cleared,cleared:20 135776 FSU:00,cleared,https://open.toronto.ca/dataset/building-permits-cleared-permits/,toronto-geoid:13977191,13977191,222 BREMNER BLVD,,,chiller,SUPPORTING,HISTORICAL_MECHANICAL_PROJECT,,,toronto-permit:20 135776 FSU,c2a10c79ea9ef308,2021-04-28,,,,Proposal for the installation and modification of sprinkler and standpipe systems in existing chiller plant. | Sprinklers | Fire/Security Upgrade | Chiller Plant | Chiller Plant | Other
permit:cleared:22 100336 MSA:00:chiller,toronto_building_permits_cleared,cleared:22 100336 MSA:00,cleared,https://open.toronto.ca/dataset/building-permits-cleared-permits/,toronto-geoid:14038411,14038411,1040 DUFFERIN ST,,,chiller,SUPPORTING,HISTORICAL_MECHANICAL_PROJECT,,REPLACE_OR_RENEW_TOWER,toronto-permit:22 100336 MSA,b596854cda573e3d,2024-01-05,,,,Proposal to replace the existing chiller and cooling tower. | HVAC: Groups D & E | Mechanical(MS) | Data Centre | Data Centre | Office
permit:cleared:22 100336 MSA:00:cooling_tower,toronto_building_permits_cleared,cleared:22 100336 MSA:00,cleared,https://open.toronto.ca/dataset/building-permits-cleared-permits/,toronto-geoid:14038411,14038411,1040 DUFFERIN ST,,,cooling_tower,CONFIRMED,COOLING_TOWER_PROJECT_HISTORY,REPLACE_OR_RENEW_TOWER,,toronto-permit:22 100336 MSA,b596854cda573e3d,2024-01-05,,,,Proposal to replace the existing chiller and cooling tower. | HVAC: Groups D & E | Mechanical(MS) | Data Centre | Data Centre | Office
permit:cleared:24 176926 BLD:00:chiller,toronto_building_permits_cleared,cleared:24 176926 BLD:00,cleared,https://open.toronto.ca/dataset/building-permits-cleared-permits/,toronto-geoid:14078150,14078150,61 YORKVILLE AVE,,,chiller,SUPPORTING,HISTORICAL_MECHANICAL_PROJECT,,RETIRE_OR_CONVERT_AWAY_FROM_TOWER,toronto-permit:24 176926 BLD,f62592af6cac385f,2025-05-15,,,,"Removal of chiller and installation of new chiller in its place. Removal of existing cooling tower from roof, installation of air source heat pumps for heating/cooling in its place. Connection of heat exchanger between heating water and domestic water make-up. | Other(BA) | Building Additions/Alterations | Multi-Unit Residential | Multi-Unit Residential | Apartment Building"
permit:cleared:24 176926 BLD:00:cooling_tower,toronto_building_permits_cleared,cleared:24 176926 BLD:00,cleared,https://open.toronto.ca/dataset/building-permits-cleared-permits/,toronto-geoid:14078150,14078150,61 YORKVILLE AVE,,,cooling_tower,CONFIRMED,COOLING_TOWER_PROJECT_HISTORY,RETIRE_OR_CONVERT_AWAY_FROM_TOWER,,toronto-permit:24 176926 BLD,f62592af6cac385f,2025-05-15,,,,"Removal of chiller and installation of new chiller in its place. Removal of existing cooling tower from roof, installation of air source heat pumps for heating/cooling in its place. Connection of heat exchanger between heating water and domestic water make-up. | Other(BA) | Building Additions/Alterations | Multi-Unit Residential | Multi-Unit Residential | Apartment Building"
permit:cleared:24 176926 BLD:01:chiller,toronto_building_permits_cleared,cleared:24 176926 BLD:01,cleared,https://open.toronto.ca/dataset/building-permits-cleared-permits/,toronto-geoid:14078150,14078150,61 YORKVILLE AVE,,,chiller,SUPPORTING,HISTORICAL_MECHANICAL_PROJECT,,RETIRE_OR_CONVERT_AWAY_FROM_TOWER,toronto-permit:24 176926 BLD,b763c86de9dc27ad,2025-05-15,,,,"Revision #01 - Proposed structural changes.Removal of chiller and installation of new chiller in its place. Removal of existing cooling tower from roof, installation of air source heat pumps for heating/cooling in its place. Connection of heat exchanger between heating water and domestic water make-up. | Other(BA) | Building Additions/Alterations | Multi-Unit Residential | Multi-Unit Residential | Apartment Building"
permit:cleared:24 176926 BLD:01:cooling_tower,toronto_building_permits_cleared,cleared:24 176926 BLD:01,cleared,https://open.toronto.ca/dataset/building-permits-cleared-permits/,toronto-geoid:14078150,14078150,61 YORKVILLE AVE,,,cooling_tower,CONFIRMED,COOLING_TOWER_PROJECT_HISTORY,RETIRE_OR_CONVERT_AWAY_FROM_TOWER,,toronto-permit:24 176926 BLD,b763c86de9dc27ad,2025-05-15,,,,"Revision #01 - Proposed structural changes.Removal of chiller and installation of new chiller in its place. Removal of existing cooling tower from roof, installation of air source heat pumps for heating/cooling in its place. Connection of heat exchanger between heating water and domestic water make-up. | Other(BA) | Building Additions/Alterations | Multi-Unit Residential | Multi-Unit Residential | Apartment Building"
permit:cleared:24 176926 HVA:00:chiller,toronto_building_permits_cleared,cleared:24 176926 HVA:00,cleared,https://open.toronto.ca/dataset/building-permits-cleared-permits/,toronto-geoid:14078150,14078150,61 YORKVILLE AVE,,,chiller,SUPPORTING,HISTORICAL_MECHANICAL_PROJECT,,RETIRE_OR_CONVERT_AWAY_FROM_TOWER,toronto-permit:24 176926 HVA,be3604877e25d923,2025-01-31,,,,"HVAC - Removal of chiller and installation of new chiller in its place. Removal of existing cooling tower from roof, installation of air source heat pumps for heating/cooling in its place. Connection of heat exchanger between heating water and domestic water make-up. | Building Permit Related(MS) | Mechanical(MS) | Multi-Unit Residential | Multi-Unit Residential | Apartment Building"
permit:cleared:24 176926 HVA:00:cooling_tower,toronto_building_permits_cleared,cleared:24 176926 HVA:00,cleared,https://open.toronto.ca/dataset/building-permits-cleared-permits/,toronto-geoid:14078150,14078150,61 YORKVILLE AVE,,,cooling_tower,CONFIRMED,COOLING_TOWER_PROJECT_HISTORY,RETIRE_OR_CONVERT_AWAY_FROM_TOWER,,toronto-permit:24 176926 HVA,be3604877e25d923,2025-01-31,,,,"HVAC - Removal of chiller and installation of new chiller in its place. Removal of existing cooling tower from roof, installation of air source heat pumps for heating/cooling in its place. Connection of heat exchanger between heating water and domestic water make-up. | Building Permit Related(MS) | Mechanical(MS) | Multi-Unit Residential | Multi-Unit Residential | Apartment Building"
permit:active:10 123759 BLD:00:chiller,toronto_building_permits_active,active:10 123759 BLD:00,active,https://open.toronto.ca/dataset/building-permits-active-permits/,toronto-geoid:14188741,14188741,10-20 BAY ST,,,chiller,SUPPORTING,SOURCE_ACTIVE_MECHANICAL_PERMIT,,,toronto-permit:10 123759 BLD,6b007f16d9fa3f93,2010-03-04,6021,False,,Permit for interior alterations to mechanical room of existing office building - permit to enclose mechanical space / chiller room. 10 Bay St floor 18 and 20 Bay St floor 25. | Interior Alterations | Building Additions/Alterations | Office | Same | Office
permit:cleared:10 123759 HVA:00:chiller,toronto_building_permits_cleared,cleared:10 123759 HVA:00,cleared,https://open.toronto.ca/dataset/building-permits-cleared-permits/,toronto-geoid:14188741,14188741,10-20 BAY ST,,,chiller,SUPPORTING,HISTORICAL_MECHANICAL_PROJECT,,,toronto-permit:10 123759 HVA,9d6aa28a88963a9b,2023-04-12,,,,HVAC - Permit for interior alterations to mechanical room of existing office building - permit to enclose mechanical space / chiller room. 10 Bay St floor 18 and 20 Bay St floor 25. | Building Permit Related(MS) | Mechanical(MS) | Office | Same | Office
permit:active:07 102642 BLD:00:chiller,toronto_building_permits_active,active:07 102642 BLD:00,active,https://open.toronto.ca/dataset/building-permits-active-permits/,toronto-geoid:14200071,14200071,130 QUEEN ST W,,,chiller,SUPPORTING,SOURCE_ACTIVE_MECHANICAL_PERMIT,,,toronto-permit:07 102642 BLD,5d0b7589853fd5e1,2007-01-23,7157,False,,Chiller replacement and barrister's lounge Hvac upgrade. (Removing existing structures and replacing them to accommodate new chillers) | Interior Alterations | Building Additions/Alterations | Offfice | Same | Courtroom
permit:cleared:07 102642 HVA:00:chiller,toronto_building_permits_cleared,cleared:07 102642 HVA:00,cleared,https://open.toronto.ca/dataset/building-permits-cleared-permits/,toronto-geoid:14200071,14200071,130 QUEEN ST W,,,chiller,SUPPORTING,HISTORICAL_MECHANICAL_PROJECT,,,toronto-permit:07 102642 HVA,2f99a74e0f81a1bf,2026-06-08,,,,HVAC - Chiller replacement and barrister's lounge Hvac upgrade. (Removing existing structures and replacing them to accommodate new chillers) | Building Permit Related(MS) | Mechanical(MS) | Offfice | Same | Courtroom
permit:cleared:07 102642 PLB:00:chiller,toronto_building_permits_cleared,cleared:07 102642 PLB:00,cleared,https://open.toronto.ca/dataset/building-permits-cleared-permits/,toronto-geoid:14200071,14200071,130 QUEEN ST W,,,chiller,SUPPORTING,HISTORICAL_MECHANICAL_PROJECT,,,toronto-permit:07 102642 PLB,6248a0a994ad3885,2026-06-08,,,,Plumbing - Chiller replacement and barrister's lounge Hvac upgrade. (Removing existing structures and replacing them to accommodate new chillers) | Building Permit Related(PS) | Plumbing(PS) | Offfice | Same | Courtroom
permit:cleared:99 110036 HVA:00:chiller,toronto_building_permits_cleared,cleared:99 110036 HVA:00,cleared,https://open.toronto.ca/dataset/building-permits-cleared-permits/,toronto-geoid:14601300,14601300,380 THE WEST MALL,,,chiller,SUPPORTING,HISTORICAL_MECHANICAL_PROJECT,,,toronto-permit:99 110036 HVA,0bb9a68e2cb7b331,2018-05-22,,,,'Etobicoke Civic Centre' Chiller Replacement | Install/Alter HVAC - only | Mechanical(MS) | HVAC Alt. add on Sys. or Ductwork Alt.
permit:cleared:18 189994 MSA:00:chiller,toronto_building_permits_cleared,cleared:18 189994 MSA:00,cleared,https://open.toronto.ca/dataset/building-permits-cleared-permits/,toronto-geoid:14601706,14601706,21 HILLCREST AVE,,,chiller,SUPPORTING,HISTORICAL_MECHANICAL_PROJECT,,INSTALL_OR_ADD_TOWER,toronto-permit:18 189994 MSA,809e51d2f32fb83d,2018-12-06,,,,Chiller change out and new cooling tower moter and VFD. | Alter: Boiler/Furnace/AC Replacement | Mechanical(MS) | Residential Condo | Residential Condo | Apartment Building
permit:cleared:18 189994 MSA:00:cooling_tower,toronto_building_permits_cleared,cleared:18 189994 MSA:00,cleared,https://open.toronto.ca/dataset/building-permits-cleared-permits/,toronto-geoid:14601706,14601706,21 HILLCREST AVE,,,cooling_tower,CONFIRMED,COOLING_TOWER_PROJECT_HISTORY,INSTALL_OR_ADD_TOWER,,toronto-permit:18 189994 MSA,809e51d2f32fb83d,2018-12-06,,,,Chiller change out and new cooling tower moter and VFD. | Alter: Boiler/Furnace/AC Replacement | Mechanical(MS) | Residential Condo | Residential Condo | Apartment Building
permit:cleared:23 147719 MSA:00:chiller,toronto_building_permits_cleared,cleared:23 147719 MSA:00,cleared,https://open.toronto.ca/dataset/building-permits-cleared-permits/,toronto-geoid:14674985,14674985,270 MILAN ST,,,chiller,SUPPORTING,HISTORICAL_MECHANICAL_PROJECT,,REPLACE_OR_RENEW_TOWER,toronto-permit:23 147719 MSA,cbababf0b7653917,2024-05-13,,,,Chiller and cooling Tower Replacement | Other(MS) | Mechanical(MS) | Community Housing | Community Housing | Other
permit:cleared:23 147719 MSA:00:cooling_tower,toronto_building_permits_cleared,cleared:23 147719 MSA:00,cleared,https://open.toronto.ca/dataset/building-permits-cleared-permits/,toronto-geoid:14674985,14674985,270 MILAN ST,,,cooling_tower,CONFIRMED,COOLING_TOWER_PROJECT_HISTORY,REPLACE_OR_RENEW_TOWER,,toronto-permit:23 147719 MSA,cbababf0b7653917,2024-05-13,,,,Chiller and cooling Tower Replacement | Other(MS) | Mechanical(MS) | Community Housing | Community Housing | Other
permit:active:25 219194 MSA:00:chiller,toronto_building_permits_active,active:25 219194 MSA:00,active,https://open.toronto.ca/dataset/building-permits-active-permits/,toronto-geoid:20055459,20055459,50 ROSEHILL AVE,,,chiller,SUPPORTING,RECENT_SOURCE_ACTIVE_MECHANICAL_PERMIT,,RETIRE_OR_CONVERT_AWAY_FROM_TOWER,toronto-permit:25 219194 MSA,2d7aeeca803d9b8b,2025-09-11,351,True,,Proposal for replacement of the water cooled chiller and cooling tower with air cooled chiller | Other(MS) | Mechanical(MS) | Apartment | Apartment | Apartment Building
permit:active:25 219194 MSA:00:cooling_tower,toronto_building_permits_active,active:25 219194 MSA:00,active,https://open.toronto.ca/dataset/building-permits-active-permits/,toronto-geoid:20055459,20055459,50 ROSEHILL AVE,,,cooling_tower,CONFIRMED,RECENT_SOURCE_ACTIVE_COOLING_TOWER_PERMIT,RETIRE_OR_CONVERT_AWAY_FROM_TOWER,,toronto-permit:25 219194 MSA,2d7aeeca803d9b8b,2025-09-11,351,True,,Proposal for replacement of the water cooled chiller and cooling tower with air cooled chiller | Other(MS) | Mechanical(MS) | Apartment | Apartment | Apartment Building
permit:cleared:19 254652 MSA:00:chiller,toronto_building_permits_cleared,cleared:19 254652 MSA:00,cleared,https://open.toronto.ca/dataset/building-permits-cleared-permits/,toronto-geoid:20097934,20097934,50 MATILDA ST,,,chiller,SUPPORTING,HISTORICAL_MECHANICAL_PROJECT,,,toronto-permit:19 254652 MSA,222e3f5c85464e99,2021-12-06,,,,Proposal for a chiller replacement. | Other(MS) | Mechanical(MS) | Apartment Building | Apartment Building | Apartment Building
permit:active:19 170187 MSA:00:chiller,toronto_building_permits_active,active:19 170187 MSA:00,active,https://open.toronto.ca/dataset/building-permits-active-permits/,toronto-geoid:20120574,20120574,246 SACKVILLE ST,,,chiller,SUPPORTING,SOURCE_ACTIVE_MECHANICAL_PERMIT,,,toronto-permit:19 170187 MSA,40f7cf2d3e193b36,2019-07-12,2604,False,,Proposal for the addition of 3 x 500 BHP hot water heating boilers and 1 x 1100 ton chiller to the existing Regent Park Energy Center - P2 Level. Convenience address is 252 Sackville Street. | Alter: Boiler/Furnace/AC Replacement | Mechanical(MS) | Multi Use | Same | Multiple Unit Building
permit:cleared:17 183143 BLD:00:chiller,toronto_building_permits_cleared,cleared:17 183143 BLD:00,cleared,https://open.toronto.ca/dataset/building-permits-cleared-permits/,toronto-geoid:20258361,20258361,171 FRONT ST W,,,chiller,SUPPORTING,HISTORICAL_MECHANICAL_PROJECT,,ALTER_REPAIR_OR_UPGRADE_TOWER,toronto-permit:17 183143 BLD,7e346fe6d6a1c9c6,2023-06-12,,,,Proposal for building infrastructure upgrade - Chiller and Associated Cooling Tower; Electrical switch gear. Entrance Address is 151Front St W. | Interior Alterations | Building Additions/Alterations | Office | Same | Office
permit:cleared:17 183143 BLD:00:cooling_tower,toronto_building_permits_cleared,cleared:17 183143 BLD:00,cleared,https://open.toronto.ca/dataset/building-permits-cleared-permits/,toronto-geoid:20258361,20258361,171 FRONT ST W,,,cooling_tower,CONFIRMED,COOLING_TOWER_PROJECT_HISTORY,ALTER_REPAIR_OR_UPGRADE_TOWER,,toronto-permit:17 183143 BLD,7e346fe6d6a1c9c6,2023-06-12,,,,Proposal for building infrastructure upgrade - Chiller and Associated Cooling Tower; Electrical switch gear. Entrance Address is 151Front St W. | Interior Alterations | Building Additions/Alterations | Office | Same | Office
permit:cleared:17 183143 HVA:00:chiller,toronto_building_permits_cleared,cleared:17 183143 HVA:00,cleared,https://open.toronto.ca/dataset/building-permits-cleared-permits/,toronto-geoid:20258361,20258361,171 FRONT ST W,,,chiller,SUPPORTING,HISTORICAL_MECHANICAL_PROJECT,,INSTALL_OR_ADD_TOWER,toronto-permit:17 183143 HVA,4fad40c74148b2b5,2023-06-08,,,,HVAC - Proposal for building infrastructure upgrade - Chiller and Associated Cooling Tower; Electrical switch gear. Entrance Address is 151Front St W.One new cooling tower : KC to verify fee. | Building Permit Related(MS) | Mechanical(MS) | Office | Same | Office
permit:cleared:17 183143 HVA:00:cooling_tower,toronto_building_permits_cleared,cleared:17 183143 HVA:00,cleared,https://open.toronto.ca/dataset/building-permits-cleared-permits/,toronto-geoid:20258361,20258361,171 FRONT ST W,,,cooling_tower,CONFIRMED,COOLING_TOWER_PROJECT_HISTORY,INSTALL_OR_ADD_TOWER,,toronto-permit:17 183143 HVA,4fad40c74148b2b5,2023-06-08,,,,HVAC - Proposal for building infrastructure upgrade - Chiller and Associated Cooling Tower; Electrical switch gear. Entrance Address is 151Front St W.One new cooling tower : KC to verify fee. | Building Permit Related(MS) | Mechanical(MS) | Office | Same | Office
permit:cleared:17 183143 PLB:00:chiller,toronto_building_permits_cleared,cleared:17 183143 PLB:00,cleared,https://open.toronto.ca/dataset/building-permits-cleared-permits/,toronto-geoid:20258361,20258361,171 FRONT ST W,,,chiller,SUPPORTING,HISTORICAL_MECHANICAL_PROJECT,,ALTER_REPAIR_OR_UPGRADE_TOWER,toronto-permit:17 183143 PLB,91b061d2715150e0,2023-05-24,,,,Plumbing - Proposal for building infrastructure upgrade - Chiller and Associated Cooling Tower; Electrical switch gear. Entrance Address is 151Front St W. | Building Permit Related(PS) | Plumbing(PS) | Office | Same | Office
permit:cleared:17 183143 PLB:00:cooling_tower,toronto_building_permits_cleared,cleared:17 183143 PLB:00,cleared,https://open.toronto.ca/dataset/building-permits-cleared-permits/,toronto-geoid:20258361,20258361,171 FRONT ST W,,,cooling_tower,CONFIRMED,COOLING_TOWER_PROJECT_HISTORY,ALTER_REPAIR_OR_UPGRADE_TOWER,,toronto-permit:17 183143 PLB,91b061d2715150e0,2023-05-24,,,,Plumbing - Proposal for building infrastructure upgrade - Chiller and Associated Cooling Tower; Electrical switch gear. Entrance Address is 151Front St W. | Building Permit Related(PS) | Plumbing(PS) | Office | Same | Office
permit:active:16 132968 BLD:00:chiller,toronto_building_permits_active,active:16 132968 BLD:00,active,https://open.toronto.ca/dataset/building-permits-active-permits/,toronto-geoid:20260181,20260181,50 ST JOSEPH ST,,,chiller,SUPPORTING,SOURCE_ACTIVE_MECHANICAL_PERMIT,,,toronto-permit:16 132968 BLD,b9b5e3d4a2ba06bf,2016-09-19,3630,False,,Proposed outdoor concrete slab on grade and the related pipe support framework and footings related to the installation of new air cooled chiller and piping under permit 16 132968 MSA 00 MS. | Other(BA) | Building Additions/Alterations | Place Of Worship | Place Of Worship | Place of Worship
permit:active:16 132968 MSA:00:chiller,toronto_building_permits_active,active:16 132968 MSA:00,active,https://open.toronto.ca/dataset/building-permits-active-permits/,toronto-geoid:20260181,20260181,50 ST JOSEPH ST,,,chiller,SUPPORTING,SOURCE_ACTIVE_MECHANICAL_PERMIT,,,toronto-permit:16 132968 MSA,5b5c92e86dfc8145,2016-09-23,3626,False,,Proposal to add new air cooled chiller and ties into existing fan coil system to provide cooling in existing place of worship. See 16 132968 BLD 00 MS for related structural work. | Alter: Boiler/Furnace/AC Replacement | Mechanical(MS) | Place Of Worship | Place Of Worship | Place of Worship
permit:active:26 102675 MSA:01:chiller,toronto_building_permits_active,active:26 102675 MSA:01,active,https://open.toronto.ca/dataset/building-permits-active-permits/,toronto-geoid:20362101,20362101,620 DUNDAS ST E,,,chiller,SUPPORTING,RECENT_SOURCE_ACTIVE_MECHANICAL_PERMIT,,INSTALL_OR_ADD_TOWER,toronto-permit:26 102675 MSA,8798b0177ebeac4f,2026-08-21,7,True,,"The installation of two 5500 MBH condensing gas-fired boilers, one 1500 ton chiller and cooling towers, and ancillary equipment in the penthouse mechanical room. Additionally, the installation of pressure break heat exchangers in the P1 level, as well as distribution pumps and piping to interconnect with RPEI's existing district energy system. | HVAC: Other Group C Buildings | Mechanical(MS) | Apartment Building | Apartment Building | Apartment Building"
permit:active:26 102675 MSA:01:cooling_tower,toronto_building_permits_active,active:26 102675 MSA:01,active,https://open.toronto.ca/dataset/building-permits-active-permits/,toronto-geoid:20362101,20362101,620 DUNDAS ST E,,,cooling_tower,CONFIRMED,RECENT_SOURCE_ACTIVE_COOLING_TOWER_PERMIT,INSTALL_OR_ADD_TOWER,,toronto-permit:26 102675 MSA,8798b0177ebeac4f,2026-08-21,7,True,,"The installation of two 5500 MBH condensing gas-fired boilers, one 1500 ton chiller and cooling towers, and ancillary equipment in the penthouse mechanical room. Additionally, the installation of pressure break heat exchangers in the P1 level, as well as distribution pumps and piping to interconnect with RPEI's existing district energy system. | HVAC: Other Group C Buildings | Mechanical(MS) | Apartment Building | Apartment Building | Apartment Building"
permit:active:26 102725 PSA:00:chiller,toronto_building_permits_active,active:26 102725 PSA:00,active,https://open.toronto.ca/dataset/building-permits-active-permits/,toronto-geoid:20362101,20362101,620 DUNDAS ST E,,,chiller,SUPPORTING,RECENT_SOURCE_ACTIVE_MECHANICAL_PERMIT,,INSTALL_OR_ADD_TOWER,toronto-permit:26 102725 PSA,8798b0177ebeac4f,2026-02-09,200,True,,"The installation of two 5500 MBH condensing gas-fired boilers, one 1500 ton chiller and cooling towers, and ancillary equipment in the penthouse mechanical room. Additionally, the installation of pressure break heat exchangers in the P1 level, as well as distribution pumps and piping to interconnect with RPEI's existing district energy system. | Other(PS) | Plumbing(PS) | Apartment Building | Apartment Building | Apartment Building"
permit:active:26 102725 PSA:00:cooling_tower,toronto_building_permits_active,active:26 102725 PSA:00,active,https://open.toronto.ca/dataset/building-permits-active-permits/,toronto-geoid:20362101,20362101,620 DUNDAS ST E,,,cooling_tower,CONFIRMED,RECENT_SOURCE_ACTIVE_COOLING_TOWER_PERMIT,INSTALL_OR_ADD_TOWER,,toronto-permit:26 102725 PSA,8798b0177ebeac4f,2026-02-09,200,True,,"The installation of two 5500 MBH condensing gas-fired boilers, one 1500 ton chiller and cooling towers, and ancillary equipment in the penthouse mechanical room. Additionally, the installation of pressure break heat exchangers in the P1 level, as well as distribution pumps and piping to interconnect with RPEI's existing district energy system. | Other(PS) | Plumbing(PS) | Apartment Building | Apartment Building | Apartment Building"
permit:active:26 102725 PSA:01:chiller,toronto_building_permits_active,active:26 102725 PSA:01,active,https://open.toronto.ca/dataset/building-permits-active-permits/,toronto-geoid:20362101,20362101,620 DUNDAS ST E,,,chiller,SUPPORTING,RECENT_SOURCE_ACTIVE_MECHANICAL_PERMIT,,INSTALL_OR_ADD_TOWER,toronto-permit:26 102725 PSA,8798b0177ebeac4f,2026-05-04,116,True,,"Rev 01The installation of two 5500 MBH condensing gas-fired boilers, one 1500 ton chiller and cooling towers, and ancillary equipment in the penthouse mechanical room. Additionally, the installation of pressure break heat exchangers in the P1 level, as well as distribution pumps and piping to interconnect with RPEI's existing district energy system. | Other(PS) | Plumbing(PS) | Apartment Building | Apartment Building | Apartment Building"
permit:active:26 102725 PSA:01:cooling_tower,toronto_building_permits_active,active:26 102725 PSA:01,active,https://open.toronto.ca/dataset/building-permits-active-permits/,toronto-geoid:20362101,20362101,620 DUNDAS ST E,,,cooling_tower,CONFIRMED,RECENT_SOURCE_ACTIVE_COOLING_TOWER_PERMIT,INSTALL_OR_ADD_TOWER,,toronto-permit:26 102725 PSA,8798b0177ebeac4f,2026-05-04,116,True,,"Rev 01The installation of two 5500 MBH condensing gas-fired boilers, one 1500 ton chiller and cooling towers, and ancillary equipment in the penthouse mechanical room. Additionally, the installation of pressure break heat exchangers in the P1 level, as well as distribution pumps and piping to interconnect with RPEI's existing district energy system. | Other(PS) | Plumbing(PS) | Apartment Building | Apartment Building | Apartment Building"
permit:active:07 244027 BLD:00:chiller,toronto_building_permits_active,active:07 244027 BLD:00,active,https://open.toronto.ca/dataset/building-permits-active-permits/,toronto-geoid:20573,20573,200 DAWES RD,,,chiller,SUPPORTING,SOURCE_ACTIVE_MECHANICAL_PERMIT,,,toronto-permit:07 244027 BLD,4dbe748a034b50f8,2007-08-27,6941,False,,Proposed new Roof Top Chiller and roof top structure. Remove exising basement chiller. | Other(BA) | Building Additions/Alterations | Long Term Care | Long Term Care | Long Term Care Facility
permit:active:07 244027 HVA:00:chiller,toronto_building_permits_active,active:07 244027 HVA:00,active,https://open.toronto.ca/dataset/building-permits-active-permits/,toronto-geoid:20573,20573,200 DAWES RD,,,chiller,SUPPORTING,SOURCE_ACTIVE_MECHANICAL_PERMIT,,,toronto-permit:07 244027 HVA,92c470c0b886500a,2007-08-27,6941,False,,HVAC - Proposed new Roof Top Chiller and roof top structure. Remove exising basement chiller. | Building Permit Related(MS) | Mechanical(MS) | Long Term Care | Long Term Care | Long Term Care Facility
permit:cleared:11 169500 MSA:00:chiller,toronto_building_permits_cleared,cleared:11 169500 MSA:00,cleared,https://open.toronto.ca/dataset/building-permits-cleared-permits/,toronto-geoid:2854062,2854062,522 UNIVERSITY AVE,,,chiller,SUPPORTING,HISTORICAL_MECHANICAL_PROJECT,,,toronto-permit:11 169500 MSA,6477a80e08856d70,2025-12-24,,,,Proposal to replace chiller at top level of existing mix-used non-residential building. | Alter: Boiler/Furnace/AC Replacement | Mechanical(MS) | Mixed-Use: Non-Residential Building | Mixed-Use: Non-Residential Building | Multiple Use/Non Residential
permit:active:20 200232 BLD:00:chiller,toronto_building_permits_active,active:20 200232 BLD:00,active,https://open.toronto.ca/dataset/building-permits-active-permits/,toronto-geoid:30010555,30010555,3 MARINE PARADE DR,,,chiller,SUPPORTING,SOURCE_ACTIVE_MECHANICAL_PERMIT,,,toronto-permit:20 200232 BLD,da890a0c04908992,2020-10-22,2136,False,,PROPOSED: Existing 200 ton chiller to be replaced with 136 ton chiller which employs a scroll type compressor. Dry cooler to be replaced with an adiabatic cooler. Existing makeup air unit to be converted to chilled water coil. Addition of second distribution pump for heat pump loop. | Other(BA) | Building Additions/Alterations | Retirement Residential | Retirement Residential | Apartment Building
permit:cleared:20 200232 HVA:00:chiller,toronto_building_permits_cleared,cleared:20 200232 HVA:00,cleared,https://open.toronto.ca/dataset/building-permits-cleared-permits/,toronto-geoid:30010555,30010555,3 MARINE PARADE DR,,,chiller,SUPPORTING,HISTORICAL_MECHANICAL_PROJECT,,,toronto-permit:20 200232 HVA,a32720528b46a471,2023-06-16,,,,HVAC - PROPOSED: Existing 200 ton chiller to be replaced with 136 ton chiller which employs a scroll type compressor. Dry cooler to be replaced with an adiabatic cooler. Existing makeup air unit to be converted to chilled water coil. Addition of second distribution pump for heat pump loop. | Building Permit Related(MS) | Mechanical(MS) | Retirement Residential | Retirement Residential | Apartment Building
permit:active:25 124430 BLD:00:chiller,toronto_building_permits_active,active:25 124430 BLD:00,active,https://open.toronto.ca/dataset/building-permits-active-permits/,toronto-geoid:30025476,30025476,9 LESLIE ST,,,chiller,SUPPORTING,SOURCE_ACTIVE_MECHANICAL_PERMIT,,,toronto-permit:25 124430 BLD,fd8d633a85a314bc,2025-06-04,450,False,,"Replacement of an existing rooftop chiller with two (2) new rooftop units, replacement of existing recirculation pumpsProposed addition of a new air handling unit (same capacity) to replace an existing AHU serving the office area. Integrating these units into Building Automation System (BAS)Removal of a decommissioned chiller | Other(BA) | Building Additions/Alterations | Waste Water Treatment Plant | Waste Water Treatment Plant | Water and Sewage Pumping Stations"
permit:active:25 124430 HVA:00:chiller,toronto_building_permits_active,active:25 124430 HVA:00,active,https://open.toronto.ca/dataset/building-permits-active-permits/,toronto-geoid:30025476,30025476,9 LESLIE ST,,,chiller,SUPPORTING,SOURCE_ACTIVE_MECHANICAL_PERMIT,,,toronto-permit:25 124430 HVA,33e652204927ab48,2025-06-04,450,False,,"HVAC - Replacement of an existing rooftop chiller with two (2) new rooftop units, replacement of existing recirculation pumpsProposed addition of a new air handling unit (same capacity) to replace an existing AHU serving the office area. Integrating these units into Building Automation System (BAS)Removal of a decommissioned chiller | Building Permit Related(MS) | Mechanical(MS) | Waste Water Treatment Plant | Waste Water Treatment Plant | Water and Sewage Pumping Stations"
permit:active:12 261184 BLD:00:chiller,toronto_building_permits_active,active:12 261184 BLD:00,active,https://open.toronto.ca/dataset/building-permits-active-permits/,toronto-geoid:30033035,30033035,32 REES ST,,,chiller,SUPPORTING,SOURCE_ACTIVE_MECHANICAL_PERMIT,,,toronto-permit:12 261184 BLD,7db2481f5c2c091a,2012-11-21,5028,False,,Proposal for structural interior alterations to support new chiller platform. | Interior Alterations | Building Additions/Alterations | Power Plant | Same | Power Plant
permit:active:12 261184 HVA:00:chiller,toronto_building_permits_active,active:12 261184 HVA:00,active,https://open.toronto.ca/dataset/building-permits-active-permits/,toronto-geoid:30033035,30033035,32 REES ST,,,chiller,SUPPORTING,SOURCE_ACTIVE_MECHANICAL_PERMIT,,,toronto-permit:12 261184 HVA,f0b2f7497e6dadb0,2013-01-09,4979,False,,HVAC - Proposal for structural interior alterations to support new chiller platform. | Building Permit Related(MS) | Mechanical(MS) | Power Plant | Same | Power Plant
permit:cleared:25 227769 MSA:00:chiller,toronto_building_permits_cleared,cleared:25 227769 MSA:00,cleared,https://open.toronto.ca/dataset/building-permits-cleared-permits/,toronto-geoid:30044709,30044709,160 FRONT ST W,,,chiller,SUPPORTING,HISTORICAL_MECHANICAL_PROJECT,,,toronto-permit:25 227769 MSA,d7426c8975e683b6,2026-05-19,,,,Proposal for New supplemental cooling units for IDF rooms on 21 and 22 floors. Connection of water chiller supply and return lines to the base building and installation of condensate drains for the fan coil units. | Other(MS) | Mechanical(MS) | Office | Office | Office
permit:cleared:25 227775 PSA:00:chiller,toronto_building_permits_cleared,cleared:25 227775 PSA:00,cleared,https://open.toronto.ca/dataset/building-permits-cleared-permits/,toronto-geoid:30044709,30044709,160 FRONT ST W,,,chiller,SUPPORTING,HISTORICAL_MECHANICAL_PROJECT,,,toronto-permit:25 227775 PSA,d7426c8975e683b6,2026-04-30,,,,Proposal for New supplemental cooling units for IDF rooms on 21 and 22 floors. Connection of water chiller supply and return lines to the base building and installation of condensate drains for the fan coil units. | Other(PS) | Plumbing(PS) | Office | Office | Office
permit:active:19 134808 BLD:00:chiller,toronto_building_permits_active,active:19 134808 BLD:00,active,https://open.toronto.ca/dataset/building-permits-active-permits/,toronto-geoid:3065725,3065725,40 UNIVERSITY AVE,,,chiller,SUPPORTING,SOURCE_ACTIVE_MECHANICAL_PERMIT,,,toronto-permit:19 134808 BLD,6a15b32a8ebc5538,2022-01-04,1697,False,,Proposal for the installation of a new chiller c/w risers and pumps to serve the ground floor retail tenants. Work includes new structural support framing for the chiller. | Other(BA) | Building Additions/Alterations | Commercial/Retail | Commercial/Retail | Multiple Use/Non Residential
permit:active:19 134808 HVA:00:chiller,toronto_building_permits_active,active:19 134808 HVA:00,active,https://open.toronto.ca/dataset/building-permits-active-permits/,toronto-geoid:3065725,3065725,40 UNIVERSITY AVE,,,chiller,SUPPORTING,SOURCE_ACTIVE_MECHANICAL_PERMIT,,,toronto-permit:19 134808 HVA,2e20ea87ef169fb8,2022-01-04,1697,False,,HVAC - Proposal for the installation of a new chiller c/w risers and pumps to serve the ground floor retail tenants. Work includes new structural support framing for the chiller. | Building Permit Related(MS) | Mechanical(MS) | Commercial/Retail | Commercial/Retail | Multiple Use/Non Residential
permit:cleared:20 166439 BLD:02:chiller,toronto_building_permits_cleared,cleared:20 166439 BLD:02,cleared,https://open.toronto.ca/dataset/building-permits-cleared-permits/,toronto-geoid:3147705,3147705,123 EASTSIDE DR,,,chiller,SUPPORTING,HISTORICAL_MECHANICAL_PROJECT,,,toronto-permit:20 166439 BLD,a03ab8c06fac5ecb,2024-05-24,,,,"Rev 02 - Revision to the layout in rooms 4-111 pre-weigh, 4-101 Pre-Weigh Storage, 4-107 Sanitation Compounding office, 4-116 Processing Chiller Room, revise door size at 4-120 Waste Water Treatment, delete 4-118J Phone Booth, delete one folding partition in 4-108 Training, and other changes as per the attached cover letterRevision 01 - Addition of a new Quality Assurance/Quality Control laboratory at the north west corner of Unit 4 and other changes as mentioned in the cover letter. Includes sprinkler modifications in unit 4 and modifications to rack sprinklers in unit 5 and 6. Proposed interior alterations to increase size of cafeteria and locker room, new washrooms, new vestibules, new offices, meeting rooms new maintenance rooms, new bottle filing and tubing area and a new first aid room in unit 5, to existing rooms in unit 4 and a new washrooms in unit 6 of an existing Skin Care Manufacturing and Storage Facility. Shelf and rack storage system is not part of this permit. | Interior Alterations | Building Additions/Alterations | Skin Care Manufacturing And Storage Facility | Skin Care Manufacturing And Storage Facility | Industrial Manufacturing Plant"
permit:cleared:20 166439 HVA:02:chiller,toronto_building_permits_cleared,cleared:20 166439 HVA:02,cleared,https://open.toronto.ca/dataset/building-permits-cleared-permits/,toronto-geoid:3147705,3147705,123 EASTSIDE DR,,,chiller,SUPPORTING,HISTORICAL_MECHANICAL_PROJECT,,,toronto-permit:20 166439 HVA,eb72411ed69fa9cb,2023-07-26,,,,"Rev 02 - Unit heater UH-1 installed in process chiller room to help maintain an adequate room temperature. Unit heater complete with flue vent and combustion air pipes that penetrates through the roof, exhaust from existing RO room to be diverted from within building to outside with a roof penetration, chiller room ventilation system included with refrigerant leak detection system tied into exhaust fan (EF-18) control. Chiller room complete with outdoor air makeup duct, control sequence for chiller room exhaust provided, supplemental cooling in chiller room provided by air conditioning unit AC-9, new round 10"" exhaust duct from waste water equipment to terminate above roof, lab exhaust to combine in a plenum that connects to the roof mounted exhaust fan, new air valves provided on exhaust branches to help maintain balanced airflow in the QC labRevision 01 - Addition of a new Quality Assurance/Quality Control laboratory at the north west corner of Unit 4 and other changes as mentioned in the cover letter.HVAC - Proposed interior alterations to increase size of cafeteria and locker room, new washrooms, new vestibules, new offices, meeting rooms new maintenance rooms, new bottle filing and tubing area and a new first aid room in unit 5, to existing rooms in unit 4 and a new washrooms in unit 6 of an existing Skin Care Manufacturing and Storage Facility. | Building Permit Related(MS) | Mechanical(MS) | Skin Care Manufacturing And Storage Facility | Skin Care Manufacturing And Storage Facility | Industrial Manufacturing Plant"
permit:cleared:20 166439 PLB:03:chiller,toronto_building_permits_cleared,cleared:20 166439 PLB:03,cleared,https://open.toronto.ca/dataset/building-permits-cleared-permits/,toronto-geoid:3147705,3147705,123 EASTSIDE DR,,,chiller,SUPPORTING,HISTORICAL_MECHANICAL_PROJECT,,,toronto-permit:20 166439 PLB,e29007e04e09db1e,2023-10-17,,,,"Rev 03 - Extend demolition of below grade sanitary main that runs in corridor, cut back existing sump pit discharge to accommodate new waste water system discharge, extended 100mm drain from AOP tank overflow to sump pit 1, extended 50mm drain from sludge tank overflow to sump pit 3, new floor sink in chiller room to pick up drains from chiller tank. Drain from floor sink to tie into existing building drain, new 20mm water connection to chiller tank makeup water port complete with backflow preventer, new 32mm sanitary acid resistant piping from base of process exhaust plenum and extend to acid neutralizer, compressed air tanks installed outside of building complete with gas switchover systems. Gases piped into building with pressure regulators. Lab equipment to tie into FNPT pipe connectionsRevision 02 - Modifications to underground drainage. Extend 8"" below grade sanitary and 8"" main to pick up drains from sanitation, compounding and dispensing rooms.Plumbing - Proposed interior alterations to increase size of cafeteria and locker room, new washrooms, new vestibules, new offices, meeting rooms new maintenance rooms, new bottle filing and tubing area and a new first aid room in unit 5, to existing rooms in unit 4 and a new washrooms in unit 6 of an existing Skin Care Manufacturing and Storage Facility. | Building Permit Related(PS) | Plumbing(PS) | Skin Care Manufacturing And Storage Facility | Skin Care Manufacturing And Storage Facility | Industrial Manufacturing Plant"
permit:active:06 174923 BLD:00:chiller,toronto_building_permits_active,active:06 174923 BLD:00,active,https://open.toronto.ca/dataset/building-permits-active-permits/,toronto-geoid:321805,321805,161 COMMANDER BLVD,,,chiller,SUPPORTING,SOURCE_ACTIVE_MECHANICAL_PERMIT,,,toronto-permit:06 174923 BLD,8c8b02c31bf37880,2006-10-10,7262,False,,Concrete pad for new chiller and tanks | Other(BA) | Building Additions/Alterations | Industrial | Industrial | Industrial
permit:cleared:13 259593 BLD:00:chiller,toronto_building_permits_cleared,cleared:13 259593 BLD:00,cleared,https://open.toronto.ca/dataset/building-permits-cleared-permits/,toronto-geoid:323008,323008,470 CORONATION DR,,,chiller,SUPPORTING,HISTORICAL_MECHANICAL_PROJECT,,,toronto-permit:13 259593 BLD,16d55aa0f36fa734,2022-07-18,,,,structural requirement for condenser on roof for installation of water recovery system using a Berg supplied chiller | Interior Alterations | Building Additions/Alterations | Chemical Plant | Chemical Plant | Industrial Chemical Plant
permit:cleared:20 213097 BLD:00:chiller,toronto_building_permits_cleared,cleared:20 213097 BLD:00,cleared,https://open.toronto.ca/dataset/building-permits-cleared-permits/,toronto-geoid:3232917,3232917,115 GOWAN AVE,,,chiller,SUPPORTING,HISTORICAL_MECHANICAL_PROJECT,,,toronto-permit:20 213097 BLD,dbcebb186e1cb88a,2021-07-07,,,,Installation of a steel platform on the east side of the building to provide maintenance access to the rooftop chiller - Chester Elementary School | Other(BA) | Building Additions/Alterations | Elementary School | Elementary School | Elementary School
permit:active:26 185369 MSA:00:chiller,toronto_building_permits_active,active:26 185369 MSA:00,active,https://open.toronto.ca/dataset/building-permits-active-permits/,toronto-geoid:3327203,3327203,1755 STEELES AVE W,,,chiller,SUPPORTING,RECENT_SOURCE_ACTIVE_MECHANICAL_PERMIT,,,toronto-permit:26 185369 MSA,25729c34974592f0,2026-07-15,44,True,,"Proposed replacement of 2 regular 500 ton chillers with one 750T regular chiller and one 300T heat recovery chiller to improve campus energy efficiency, reduce emissions, and enhance system reliability. Work is also required to modify the existing heating networks to enable receiving heat from the new heat recovery chiller. | Other(MS) | Mechanical(MS) | Indistrial | Industrial | Industrial"
permit:active:19 111480 MSA:00:chiller,toronto_building_permits_active,active:19 111480 MSA:00,active,https://open.toronto.ca/dataset/building-permits-active-permits/,toronto-geoid:3569436,3569436,7 BISHOP AVE,,,chiller,SUPPORTING,SOURCE_ACTIVE_MECHANICAL_PERMIT,,REPLACE_OR_RENEW_TOWER,toronto-permit:19 111480 MSA,8f6272a4861769c8,2019-02-27,2739,False,,Proposal for direct chiller and cooling tower replacement in an existing apartment building. | Other(MS) | Mechanical(MS) | Apartment Building | Same | Apartment Building
permit:active:19 111480 MSA:00:cooling_tower,toronto_building_permits_active,active:19 111480 MSA:00,active,https://open.toronto.ca/dataset/building-permits-active-permits/,toronto-geoid:3569436,3569436,7 BISHOP AVE,,,cooling_tower,CONFIRMED,SOURCE_ACTIVE_COOLING_TOWER_PERMIT,REPLACE_OR_RENEW_TOWER,,toronto-permit:19 111480 MSA,8f6272a4861769c8,2019-02-27,2739,False,,Proposal for direct chiller and cooling tower replacement in an existing apartment building. | Other(MS) | Mechanical(MS) | Apartment Building | Same | Apartment Building
permit:cleared:10 139595 DST:00:chiller,toronto_building_permits_cleared,cleared:10 139595 DST:00,cleared,https://open.toronto.ca/dataset/building-permits-cleared-permits/,toronto-geoid:364211,364211,825 MILNER AVE,,,chiller,SUPPORTING,HISTORICAL_MECHANICAL_PROJECT,,,toronto-permit:10 139595 DST,bf446d6faee6c38a,2026-06-08,,,,chiller equipment replacement with support structure | Exterior Tank & Support | Designated Structures | Communciation Building | Communciation Building | Office
permit:cleared:10 139595 HVA:00:chiller,toronto_building_permits_cleared,cleared:10 139595 HVA:00,cleared,https://open.toronto.ca/dataset/building-permits-cleared-permits/,toronto-geoid:364211,364211,825 MILNER AVE,,,chiller,SUPPORTING,HISTORICAL_MECHANICAL_PROJECT,,,toronto-permit:10 139595 HVA,3637f992ada61171,2026-03-09,,,,HVAC - chiller equipment replacement with support structure | Building Permit Related(MS) | Mechanical(MS) | Communciation Building | Communciation Building | Office
permit:cleared:24 115648 PSA:00:chiller,toronto_building_permits_cleared,cleared:24 115648 PSA:00,cleared,https://open.toronto.ca/dataset/building-permits-cleared-permits/,toronto-geoid:364214,364214,10 MILNER BUSINESS CRT,,,chiller,SUPPORTING,HISTORICAL_MECHANICAL_PROJECT,,,toronto-permit:24 115648 PSA,e31f26677a671c86,2025-08-26,,,,"To install a new sink, water heater and water chiller | Other(PS) | Plumbing(PS) | Office | Office | Office"
permit:active:13 127635 BLD:00:chiller,toronto_building_permits_active,active:13 127635 BLD:00,active,https://open.toronto.ca/dataset/building-permits-active-permits/,toronto-geoid:367187,367187,9 NEILSON RD,,,chiller,SUPPORTING,SOURCE_ACTIVE_MECHANICAL_PERMIT,,,toronto-permit:13 127635 BLD,d2239d5d2d3fa4b8,2013-04-26,4872,False,,interior alterations & replace chiller in penthouse area | Interior Alterations | Building Additions/Alterations | Long Term Care Facility | Long Term Care Facility | Long Term Care Facility
permit:cleared:13 127635 HVA:00:chiller,toronto_building_permits_cleared,cleared:13 127635 HVA:00,cleared,https://open.toronto.ca/dataset/building-permits-cleared-permits/,toronto-geoid:367187,367187,9 NEILSON RD,,,chiller,SUPPORTING,HISTORICAL_MECHANICAL_PROJECT,,,toronto-permit:13 127635 HVA,043a3ab5a6658dbe,2026-01-09,,,,HVAC - interior alterations & replace chiller in penthouse area | Building Permit Related(MS) | Mechanical(MS) | Long Term Care Facility | Long Term Care Facility | Long Term Care Facility
permit:active:14 248729 MSA:00:chiller,toronto_building_permits_active,active:14 248729 MSA:00,active,https://open.toronto.ca/dataset/building-permits-active-permits/,toronto-geoid:3841975,3841975,5100 YONGE ST,,,chiller,SUPPORTING,SOURCE_ACTIVE_MECHANICAL_PERMIT,,,toronto-permit:14 248729 MSA,7c0a453660da129d,2014-12-09,4280,False,,"Proposal to replace Chiller, Air Handling and Fan unit in ground floor mechanical room, one Rooftop unit and VAV terminal boxes for office and dental clinic. | Alter: Add on /Ductwork | Mechanical(MS) | Office | Office | Office"
permit:cleared:18 186589 BLD:00:chiller,toronto_building_permits_cleared,cleared:18 186589 BLD:00,cleared,https://open.toronto.ca/dataset/building-permits-cleared-permits/,toronto-geoid:3993557,3993557,298 JARVIS ST,,,chiller,SUPPORTING,HISTORICAL_MECHANICAL_PROJECT,,RETIRE_OR_CONVERT_AWAY_FROM_TOWER,toronto-permit:18 186589 BLD,36369cfa2172b05a,2025-06-13,,,,Proposal for removal and replacement of existing cooling tower and chiller in existing multi unit building. | Other(BA) | Building Additions/Alterations | Multi Unit | Multi Unit | Multiple Unit Building
permit:cleared:18 186589 BLD:00:cooling_tower,toronto_building_permits_cleared,cleared:18 186589 BLD:00,cleared,https://open.toronto.ca/dataset/building-permits-cleared-permits/,toronto-geoid:3993557,3993557,298 JARVIS ST,,,cooling_tower,CONFIRMED,COOLING_TOWER_PROJECT_HISTORY,RETIRE_OR_CONVERT_AWAY_FROM_TOWER,,toronto-permit:18 186589 BLD,36369cfa2172b05a,2025-06-13,,,,Proposal for removal and replacement of existing cooling tower and chiller in existing multi unit building. | Other(BA) | Building Additions/Alterations | Multi Unit | Multi Unit | Multiple Unit Building
permit:active:26 214094 MSA:00:chiller,toronto_building_permits_active,active:26 214094 MSA:00,active,https://open.toronto.ca/dataset/building-permits-active-permits/,toronto-geoid:4030670,4030670,170 ST GEORGE ST,,,chiller,SUPPORTING,RECENT_SOURCE_ACTIVE_MECHANICAL_PERMIT,,,toronto-permit:26 214094 MSA,b7913b3dec39637c,2026-08-19,9,True,,"Proposed replacement of storm and sanitary piping risers, fan coil units with new piping risers, replace rooftop chiller, self-contained vertical A/C, and basement mechanical room unit heaters. | Other(MS) | Mechanical(MS) | University | University | University"
permit:cleared:16 241073 MSA:00:chiller,toronto_building_permits_cleared,cleared:16 241073 MSA:00,cleared,https://open.toronto.ca/dataset/building-permits-cleared-permits/,toronto-geoid:4153974,4153974,10 GUILDWOOD PKWY,,,chiller,SUPPORTING,HISTORICAL_MECHANICAL_PROJECT,,REPLACE_OR_RENEW_TOWER,toronto-permit:16 241073 MSA,b861b3a4e3efaa3d,2017-06-01,,,,Replacement of chiller and cooling tower | HVAC: Other Group C Buildings | Mechanical(MS) | Apartment Building | Apartment Building | Apartment Building
permit:cleared:16 241073 MSA:00:cooling_tower,toronto_building_permits_cleared,cleared:16 241073 MSA:00,cleared,https://open.toronto.ca/dataset/building-permits-cleared-permits/,toronto-geoid:4153974,4153974,10 GUILDWOOD PKWY,,,cooling_tower,CONFIRMED,COOLING_TOWER_PROJECT_HISTORY,REPLACE_OR_RENEW_TOWER,,toronto-permit:16 241073 MSA,b861b3a4e3efaa3d,2017-06-01,,,,Replacement of chiller and cooling tower | HVAC: Other Group C Buildings | Mechanical(MS) | Apartment Building | Apartment Building | Apartment Building
permit:active:08 228223 BLD:00:chiller,toronto_building_permits_active,active:08 228223 BLD:00,active,https://open.toronto.ca/dataset/building-permits-active-permits/,toronto-geoid:504793,504793,205 CUMMER AVE,,,chiller,SUPPORTING,SOURCE_ACTIVE_MECHANICAL_PERMIT,,RETIRE_OR_CONVERT_AWAY_FROM_TOWER,toronto-permit:08 228223 BLD,a4748c63f1ef6000,2008-12-23,6457,False,,Removal and relocating an existing chiller and cooling tower. Installation of new structural construction. Cummer Lodge | Other(BA) | Building Additions/Alterations | Long Term Care Facility | Long Term Care Facility | Long Term Care Facility
permit:active:08 228223 BLD:00:cooling_tower,toronto_building_permits_active,active:08 228223 BLD:00,active,https://open.toronto.ca/dataset/building-permits-active-permits/,toronto-geoid:504793,504793,205 CUMMER AVE,,,cooling_tower,CONFIRMED,SOURCE_ACTIVE_COOLING_TOWER_PERMIT,RETIRE_OR_CONVERT_AWAY_FROM_TOWER,,toronto-permit:08 228223 BLD,a4748c63f1ef6000,2008-12-23,6457,False,,Removal and relocating an existing chiller and cooling tower. Installation of new structural construction. Cummer Lodge | Other(BA) | Building Additions/Alterations | Long Term Care Facility | Long Term Care Facility | Long Term Care Facility
permit:active:14 125487 BLD:00:chiller,toronto_building_permits_active,active:14 125487 BLD:00,active,https://open.toronto.ca/dataset/building-permits-active-permits/,toronto-geoid:507981,507981,703 DON MILLS RD,,,chiller,SUPPORTING,SOURCE_ACTIVE_MECHANICAL_PERMIT,,REPLACE_OR_RENEW_TOWER,toronto-permit:14 125487 BLD,2588cde3f666fd2a,2014-07-07,4435,False,,"Proposal for structural reinforcement, cooling towers and chiller replacement for existing building. | Multiple Projects | Building Additions/Alterations | Multiple Unit | Multiple Unit | Multiple Unit Building"
permit:active:14 125487 BLD:00:cooling_tower,toronto_building_permits_active,active:14 125487 BLD:00,active,https://open.toronto.ca/dataset/building-permits-active-permits/,toronto-geoid:507981,507981,703 DON MILLS RD,,,cooling_tower,CONFIRMED,SOURCE_ACTIVE_COOLING_TOWER_PERMIT,REPLACE_OR_RENEW_TOWER,,toronto-permit:14 125487 BLD,2588cde3f666fd2a,2014-07-07,4435,False,,"Proposal for structural reinforcement, cooling towers and chiller replacement for existing building. | Multiple Projects | Building Additions/Alterations | Multiple Unit | Multiple Unit | Multiple Unit Building"
permit:active:14 125487 HVA:00:chiller,toronto_building_permits_active,active:14 125487 HVA:00,active,https://open.toronto.ca/dataset/building-permits-active-permits/,toronto-geoid:507981,507981,703 DON MILLS RD,,,chiller,SUPPORTING,SOURCE_ACTIVE_MECHANICAL_PERMIT,,REPLACE_OR_RENEW_TOWER,toronto-permit:14 125487 HVA,02775d17e1f30b1f,2014-12-18,4271,False,,"HVAC - Proposal for structural reinforcement, cooling towers and chiller replacement for existing building. | Building Permit Related(MS) | Mechanical(MS) | Multiple Unit | Multiple Unit | Multiple Unit Building"
permit:active:14 125487 HVA:00:cooling_tower,toronto_building_permits_active,active:14 125487 HVA:00,active,https://open.toronto.ca/dataset/building-permits-active-permits/,toronto-geoid:507981,507981,703 DON MILLS RD,,,cooling_tower,CONFIRMED,SOURCE_ACTIVE_COOLING_TOWER_PERMIT,REPLACE_OR_RENEW_TOWER,,toronto-permit:14 125487 HVA,02775d17e1f30b1f,2014-12-18,4271,False,,"HVAC - Proposal for structural reinforcement, cooling towers and chiller replacement for existing building. | Building Permit Related(MS) | Mechanical(MS) | Multiple Unit | Multiple Unit | Multiple Unit Building"
permit:active:18 107026 BLD:00:chiller,toronto_building_permits_active,active:18 107026 BLD:00,active,https://open.toronto.ca/dataset/building-permits-active-permits/,toronto-geoid:509769,509769,3401 DUFFERIN ST,,,chiller,SUPPORTING,SOURCE_ACTIVE_MECHANICAL_PERMIT,,REPLACE_OR_RENEW_TOWER,toronto-permit:18 107026 BLD,e0132ddc180896c9,2018-01-29,3133,False,,Proposal to replace chiller and cooling tower in an existing office. | Interior Alterations | Building Additions/Alterations | Office | Office | Office
permit:active:18 107026 BLD:00:cooling_tower,toronto_building_permits_active,active:18 107026 BLD:00,active,https://open.toronto.ca/dataset/building-permits-active-permits/,toronto-geoid:509769,509769,3401 DUFFERIN ST,,,cooling_tower,CONFIRMED,SOURCE_ACTIVE_COOLING_TOWER_PERMIT,REPLACE_OR_RENEW_TOWER,,toronto-permit:18 107026 BLD,e0132ddc180896c9,2018-01-29,3133,False,,Proposal to replace chiller and cooling tower in an existing office. | Interior Alterations | Building Additions/Alterations | Office | Office | Office
permit:active:18 107026 HVA:00:chiller,toronto_building_permits_active,active:18 107026 HVA:00,active,https://open.toronto.ca/dataset/building-permits-active-permits/,toronto-geoid:509769,509769,3401 DUFFERIN ST,,,chiller,SUPPORTING,SOURCE_ACTIVE_MECHANICAL_PERMIT,,REPLACE_OR_RENEW_TOWER,toronto-permit:18 107026 HVA,a699ae3b1c5fe50d,2018-02-09,3122,False,,HVAC - Proposal to replace chiller and cooling tower in an exisiting office. | Building Permit Related(MS) | Mechanical(MS) | Office | Office | Office
permit:active:18 107026 HVA:00:cooling_tower,toronto_building_permits_active,active:18 107026 HVA:00,active,https://open.toronto.ca/dataset/building-permits-active-permits/,toronto-geoid:509769,509769,3401 DUFFERIN ST,,,cooling_tower,CONFIRMED,SOURCE_ACTIVE_COOLING_TOWER_PERMIT,REPLACE_OR_RENEW_TOWER,,toronto-permit:18 107026 HVA,a699ae3b1c5fe50d,2018-02-09,3122,False,,HVAC - Proposal to replace chiller and cooling tower in an exisiting office. | Building Permit Related(MS) | Mechanical(MS) | Office | Office | Office
permit:active:18 107026 PLB:00:chiller,toronto_building_permits_active,active:18 107026 PLB:00,active,https://open.toronto.ca/dataset/building-permits-active-permits/,toronto-geoid:509769,509769,3401 DUFFERIN ST,,,chiller,SUPPORTING,SOURCE_ACTIVE_MECHANICAL_PERMIT,,REPLACE_OR_RENEW_TOWER,toronto-permit:18 107026 PLB,1376507a7f827c50,2018-02-09,3122,False,,Plumbing - Proposal to replace chiller and cooling tower in an existing office. | Building Permit Related(PS) | Plumbing(PS) | Office | Office | Office
permit:active:18 107026 PLB:00:cooling_tower,toronto_building_permits_active,active:18 107026 PLB:00,active,https://open.toronto.ca/dataset/building-permits-active-permits/,toronto-geoid:509769,509769,3401 DUFFERIN ST,,,cooling_tower,CONFIRMED,SOURCE_ACTIVE_COOLING_TOWER_PERMIT,REPLACE_OR_RENEW_TOWER,,toronto-permit:18 107026 PLB,1376507a7f827c50,2018-02-09,3122,False,,Plumbing - Proposal to replace chiller and cooling tower in an existing office. | Building Permit Related(PS) | Plumbing(PS) | Office | Office | Office
permit:cleared:10 294879 MSA:00:chiller,toronto_building_permits_cleared,cleared:10 294879 MSA:00,cleared,https://open.toronto.ca/dataset/building-permits-cleared-permits/,toronto-geoid:514036,514036,35 FAIRVIEW MALL DR,,,chiller,SUPPORTING,HISTORICAL_MECHANICAL_PROJECT,,,toronto-permit:10 294879 MSA,b462d5bda0c93357,2025-06-18,,,,Toronto Public Library replacement of chiller on 3rd floor. | Alter: Boiler/Furnace/AC Replacement | Mechanical(MS) | Chiller Replacement | Chiller Replacement | Library
permit:active:21 129217 HVA:00:chiller,toronto_building_permits_active,active:21 129217 HVA:00,active,https://open.toronto.ca/dataset/building-permits-active-permits/,toronto-geoid:5222597,5222597,25 BRUCEWOOD CRES,,,chiller,SUPPORTING,SOURCE_ACTIVE_MECHANICAL_PERMIT,,,toronto-permit:21 129217 HVA,a36b622a99080beb,2021-05-18,1928,False,,HVAC - Replacement of air cooled chiller to existing residential building | Building Permit Related(MS) | Mechanical(MS) | Apartment | Apartment | Apartment Building
permit:cleared:21 128105 MSA:00:chiller,toronto_building_permits_cleared,cleared:21 128105 MSA:00,cleared,https://open.toronto.ca/dataset/building-permits-cleared-permits/,toronto-geoid:5222597,5222597,25 BRUCEWOOD CRES,,,chiller,SUPPORTING,HISTORICAL_MECHANICAL_PROJECT,,,toronto-permit:21 128105 MSA,d29bebd86de3633a,2021-03-19,,,,Replacement of air cooled chiller to existing residential building | Other(MS) | Mechanical(MS) | Apartment | Apartment | Apartment Building
permit:cleared:21 129217 BLD:00:chiller,toronto_building_permits_cleared,cleared:21 129217 BLD:00,cleared,https://open.toronto.ca/dataset/building-permits-cleared-permits/,toronto-geoid:5222597,5222597,25 BRUCEWOOD CRES,,,chiller,SUPPORTING,HISTORICAL_MECHANICAL_PROJECT,,,toronto-permit:21 129217 BLD,d29bebd86de3633a,2022-01-11,,,,Replacement of air cooled chiller to existing residential building | Other(BA) | Building Additions/Alterations | Apartment | Apartment | Apartment Building
permit:cleared:21 146637 BLD:00:chiller,toronto_building_permits_cleared,cleared:21 146637 BLD:00,cleared,https://open.toronto.ca/dataset/building-permits-cleared-permits/,toronto-geoid:5336734,5336734,4330 DUFFERIN ST,,,chiller,SUPPORTING,HISTORICAL_MECHANICAL_PROJECT,,,toronto-permit:21 146637 BLD,5a231347e4a92110,2024-01-12,,,,"Proposal for HVAC Retrofit project including ASHPs, GSHPs, RTU Replacements, and boiler and chiller room upgrades. | Other(BA) | Building Additions/Alterations | Ems Headquarters | Same | Other"
permit:cleared:21 146637 HVA:00:chiller,toronto_building_permits_cleared,cleared:21 146637 HVA:00,cleared,https://open.toronto.ca/dataset/building-permits-cleared-permits/,toronto-geoid:5336734,5336734,4330 DUFFERIN ST,,,chiller,SUPPORTING,HISTORICAL_MECHANICAL_PROJECT,,,toronto-permit:21 146637 HVA,141f7ce7640c70a8,2025-11-12,,,,"HVAC - Proposal for HVAC Retrofit project including ASHPs, GSHPs, RTU Replacements, and boiler and chiller room upgrades. | Building Permit Related(MS) | Mechanical(MS) | Ems Headquarters | Same | Other"
permit:active:18 115669 MSA:00:chiller,toronto_building_permits_active,active:18 115669 MSA:00,active,https://open.toronto.ca/dataset/building-permits-active-permits/,toronto-geoid:536800,536800,4001 LESLIE ST,,,chiller,SUPPORTING,SOURCE_ACTIVE_MECHANICAL_PERMIT,,,toronto-permit:18 115669 MSA,a6fc9d97d6d9c123,2018-03-02,3101,False,,"Proposal to replace 3 chillers, 3 chiller water pumps, and 3 condenser water pumps in existing hospital. North York General Hospital. | Alter: Boiler/Furnace/AC Replacement | Mechanical(MS) | Hospital | Same | Hospital"
permit:active:18 115669 MSA:00:condenser_water,toronto_building_permits_active,active:18 115669 MSA:00,active,https://open.toronto.ca/dataset/building-permits-active-permits/,toronto-geoid:536800,536800,4001 LESLIE ST,,,condenser_water,SUPPORTING,SOURCE_ACTIVE_MECHANICAL_PERMIT,,,toronto-permit:18 115669 MSA,a6fc9d97d6d9c123,2018-03-02,3101,False,,"Proposal to replace 3 chillers, 3 chiller water pumps, and 3 condenser water pumps in existing hospital. North York General Hospital. | Alter: Boiler/Furnace/AC Replacement | Mechanical(MS) | Hospital | Same | Hospital"
permit:cleared:23 206892 MSA:00:chiller,toronto_building_permits_cleared,cleared:23 206892 MSA:00,cleared,https://open.toronto.ca/dataset/building-permits-cleared-permits/,toronto-geoid:536810,536810,6100 LESLIE ST,,,chiller,SUPPORTING,HISTORICAL_MECHANICAL_PROJECT,,,toronto-permit:23 206892 MSA,d9ebe4070a604437,2024-04-10,,,,Proposed Chiller Replacement | Alter: Boiler/Furnace/AC Replacement | Mechanical(MS) | School | School For Chiller Replacement | Secondary School
permit:cleared:19 166147 BLD:00:chiller,toronto_building_permits_cleared,cleared:19 166147 BLD:00,cleared,https://open.toronto.ca/dataset/building-permits-cleared-permits/,toronto-geoid:5573901,5573901,384 MOUNT PLEASANT RD,,,chiller,SUPPORTING,HISTORICAL_MECHANICAL_PROJECT,,,toronto-permit:19 166147 BLD,fc23cf8d5f63d957,2021-01-29,,,,Proposed structural platform on the roof for the installation of new air-cooled chiller for an existing apartment building. | Other(BA) | Building Additions/Alterations | Apartment | Same | Apartment Building
permit:cleared:19 166147 HVA:00:chiller,toronto_building_permits_cleared,cleared:19 166147 HVA:00,cleared,https://open.toronto.ca/dataset/building-permits-cleared-permits/,toronto-geoid:5573901,5573901,384 MOUNT PLEASANT RD,,,chiller,SUPPORTING,HISTORICAL_MECHANICAL_PROJECT,,,toronto-permit:19 166147 HVA,28e93be6bcddf310,2021-02-17,,,,HVAC - Proposed structural platform on the roof for the installation of new air-cooled chiller for an existing apartment building. | Building Permit Related(MS) | Mechanical(MS) | Apartment | Same | Apartment Building
permit:active:23 232775 PSA:00:chiller,toronto_building_permits_active,active:23 232775 PSA:00,active,https://open.toronto.ca/dataset/building-permits-active-permits/,toronto-geoid:566155,566155,44 STUBBS DR,,,chiller,SUPPORTING,SOURCE_ACTIVE_MECHANICAL_PERMIT,,,toronto-permit:23 232775 PSA,632ae13ec61d5472,2024-01-05,966,False,,Installation of chiller and associated plumbing | Other(PS) | Plumbing(PS) | Apartment Building | Apartment Building | Apartment Building
permit:cleared:20 211644 MSA:00:chiller,toronto_building_permits_cleared,cleared:20 211644 MSA:00,cleared,https://open.toronto.ca/dataset/building-permits-cleared-permits/,toronto-geoid:568395,568395,8 THE DONWAY E,,,chiller,SUPPORTING,HISTORICAL_MECHANICAL_PROJECT,,RETIRE_OR_CONVERT_AWAY_FROM_TOWER,toronto-permit:20 211644 MSA,fab5c619f34bbb5b,2021-07-02,,,,Remove and replace chiller and cooling tower new equipment | Other(MS) | Mechanical(MS) | Retirement Home | Retirement Home | Home for the Aged
permit:cleared:20 211644 MSA:00:cooling_tower,toronto_building_permits_cleared,cleared:20 211644 MSA:00,cleared,https://open.toronto.ca/dataset/building-permits-cleared-permits/,toronto-geoid:568395,568395,8 THE DONWAY E,,,cooling_tower,CONFIRMED,COOLING_TOWER_PROJECT_HISTORY,RETIRE_OR_CONVERT_AWAY_FROM_TOWER,,toronto-permit:20 211644 MSA,fab5c619f34bbb5b,2021-07-02,,,,Remove and replace chiller and cooling tower new equipment | Other(MS) | Mechanical(MS) | Retirement Home | Retirement Home | Home for the Aged
permit:cleared:18 220634 MSA:00:chiller,toronto_building_permits_cleared,cleared:18 220634 MSA:00,cleared,https://open.toronto.ca/dataset/building-permits-cleared-permits/,toronto-geoid:578559,578559,4950 YONGE ST,,,chiller,SUPPORTING,HISTORICAL_MECHANICAL_PROJECT,,,toronto-permit:18 220634 MSA,ac3ebfaa7adb657b,2018-09-26,,,,"New air cooled chiller to serve existing restaurant Air Handling Units, replace existing kitchen exhaust fan and new air conditioning unit | Alter: Boiler/Furnace/AC Replacement | Mechanical(MS) | Restaurant | Restaurant | Restaurant Greater Than 30 Seats"
permit:active:21 230995 MSA:00:chiller,toronto_building_permits_active,active:21 230995 MSA:00,active,https://open.toronto.ca/dataset/building-permits-active-permits/,toronto-geoid:6168206,6168206,25 HENRY LANE TER,,,chiller,SUPPORTING,SOURCE_ACTIVE_MECHANICAL_PERMIT,,,toronto-permit:21 230995 MSA,4b19e2ae34f17840,2021-11-22,1740,False,,Proposal penthouse chiller and associated pump replacements | Other(MS) | Mechanical(MS) | Apartment Complex And School | Apartment Complex And School | Multiple Unit Building
permit:cleared:91 251005 BLD:00:chiller,toronto_building_permits_cleared,cleared:91 251005 BLD:00,cleared,https://open.toronto.ca/dataset/building-permits-cleared-permits/,toronto-geoid:6275805,6275805,123 GARRATT BLVD,,,chiller,SUPPORTING,HISTORICAL_MECHANICAL_PROJECT,,,toronto-permit:91 251005 BLD,91677e014e69dedb,2018-08-01,,,,CHILLER PLANT ADDITION | Addition(s) | Building Additions/Alterations | Industrial
permit:active:17 101794 BLD:00:chiller,toronto_building_permits_active,active:17 101794 BLD:00,active,https://open.toronto.ca/dataset/building-permits-active-permits/,toronto-geoid:6282913,6282913,150 SHERWAY DR,,,chiller,SUPPORTING,SOURCE_ACTIVE_MECHANICAL_PERMIT,,,toronto-permit:17 101794 BLD,823ad4b5d1f3c16c,2017-01-13,3514,False,,"Interior alterations due to Mechanical and Electrical Infrastucture repairs and equipment replacement: remove existing electrical bus ducts and replace with new feeders, replace switch gear in two electrical rooms, building four new electrical rooms, replace local power and lighting panels through out building, replace three air handling units and install one new package chiller for operating rooms. | Interior Alterations | Building Additions/Alterations | Hospital | Hospital | Hospital"
permit:active:17 101794 HVA:00:chiller,toronto_building_permits_active,active:17 101794 HVA:00,active,https://open.toronto.ca/dataset/building-permits-active-permits/,toronto-geoid:6282913,6282913,150 SHERWAY DR,,,chiller,SUPPORTING,SOURCE_ACTIVE_MECHANICAL_PERMIT,,,toronto-permit:17 101794 HVA,1ea08fab9a012606,2017-02-17,3479,False,,"HVAC - Interior alterations due to Mechanical and Electrical Infrastucture repairs and equipment replacement: remove existing electrical bus ducts and replace with new feeders, replace switch gear in two electrical rooms, building four new electrical rooms, replace local power and lighting panels through out building, replace three air handling units and install one new package chiller for operating rooms. | Building Permit Related(MS) | Mechanical(MS) | Hospital | Hospital | Hospital"
permit:active:21 234133 BLD:00:chiller,toronto_building_permits_active,active:21 234133 BLD:00,active,https://open.toronto.ca/dataset/building-permits-active-permits/,toronto-geoid:6332564,6332564,4171 SHEPPARD AVE E,,,chiller,SUPPORTING,SOURCE_ACTIVE_MECHANICAL_PERMIT,,,toronto-permit:21 234133 BLD,5b2961d7585d4608,2021-12-13,1719,False,,Proposal to install a new water-cooled chiller and connection to existing condenser water and chilled water systems. The work involves minor modifications to existing room to accommodate new equipment installation. | Interior Alterations | Building Additions/Alterations | Data Centre | Data Centre | Office
permit:active:21 234133 BLD:00:condenser_water,toronto_building_permits_active,active:21 234133 BLD:00,active,https://open.toronto.ca/dataset/building-permits-active-permits/,toronto-geoid:6332564,6332564,4171 SHEPPARD AVE E,,,condenser_water,SUPPORTING,SOURCE_ACTIVE_MECHANICAL_PERMIT,,,toronto-permit:21 234133 BLD,5b2961d7585d4608,2021-12-13,1719,False,,Proposal to install a new water-cooled chiller and connection to existing condenser water and chilled water systems. The work involves minor modifications to existing room to accommodate new equipment installation. | Interior Alterations | Building Additions/Alterations | Data Centre | Data Centre | Office
permit:active:21 234133 BLD:01:chiller,toronto_building_permits_active,active:21 234133 BLD:01,active,https://open.toronto.ca/dataset/building-permits-active-permits/,toronto-geoid:6332564,6332564,4171 SHEPPARD AVE E,,,chiller,SUPPORTING,SOURCE_ACTIVE_MECHANICAL_PERMIT,,,toronto-permit:21 234133 BLD,f184e156e5ff217a,2023-07-11,1144,False,,"Revision 01: New double door and frame at entrance, new double door swing out 180 degrees, both single doors in the corridor side swing out 90 degrees[Proposal to install a new water-cooled chiller and connection to existing condenser water and chilled water systems. The work involves minor modifications to existing room to accommodate new equipment installation.] | Interior Alterations | Building Additions/Alterations | Data Centre | Data Centre | Office"
permit:active:21 234133 BLD:01:condenser_water,toronto_building_permits_active,active:21 234133 BLD:01,active,https://open.toronto.ca/dataset/building-permits-active-permits/,toronto-geoid:6332564,6332564,4171 SHEPPARD AVE E,,,condenser_water,SUPPORTING,SOURCE_ACTIVE_MECHANICAL_PERMIT,,,toronto-permit:21 234133 BLD,f184e156e5ff217a,2023-07-11,1144,False,,"Revision 01: New double door and frame at entrance, new double door swing out 180 degrees, both single doors in the corridor side swing out 90 degrees[Proposal to install a new water-cooled chiller and connection to existing condenser water and chilled water systems. The work involves minor modifications to existing room to accommodate new equipment installation.] | Interior Alterations | Building Additions/Alterations | Data Centre | Data Centre | Office"
permit:active:21 234133 PLB:00:chiller,toronto_building_permits_active,active:21 234133 PLB:00,active,https://open.toronto.ca/dataset/building-permits-active-permits/,toronto-geoid:6332564,6332564,4171 SHEPPARD AVE E,,,chiller,SUPPORTING,SOURCE_ACTIVE_MECHANICAL_PERMIT,,,toronto-permit:21 234133 PLB,d63e61645d2ac943,2021-12-13,1719,False,,Plumbing - Proposal to install a new water-cooled chiller and connection to existing condenser water and chilled water systems. The work involves minor modifications to existing room to accommodate new equipment installation. | Building Permit Related(PS) | Plumbing(PS) | Data Centre | Data Centre | Office
permit:active:21 234133 PLB:00:condenser_water,toronto_building_permits_active,active:21 234133 PLB:00,active,https://open.toronto.ca/dataset/building-permits-active-permits/,toronto-geoid:6332564,6332564,4171 SHEPPARD AVE E,,,condenser_water,SUPPORTING,SOURCE_ACTIVE_MECHANICAL_PERMIT,,,toronto-permit:21 234133 PLB,d63e61645d2ac943,2021-12-13,1719,False,,Plumbing - Proposal to install a new water-cooled chiller and connection to existing condenser water and chilled water systems. The work involves minor modifications to existing room to accommodate new equipment installation. | Building Permit Related(PS) | Plumbing(PS) | Data Centre | Data Centre | Office
permit:cleared:21 234133 HVA:00:chiller,toronto_building_permits_cleared,cleared:21 234133 HVA:00,cleared,https://open.toronto.ca/dataset/building-permits-cleared-permits/,toronto-geoid:6332564,6332564,4171 SHEPPARD AVE E,,,chiller,SUPPORTING,HISTORICAL_MECHANICAL_PROJECT,,,toronto-permit:21 234133 HVA,0b2e37eed6142a98,2023-12-11,,,,HVAC - Proposal to install a new water-cooled chiller and connection to existing condenser water and chilled water systems. The work involves minor modifications to existing room to accommodate new equipment installation. | Building Permit Related(MS) | Mechanical(MS) | Data Centre | Data Centre | Office
permit:cleared:21 234133 HVA:00:condenser_water,toronto_building_permits_cleared,cleared:21 234133 HVA:00,cleared,https://open.toronto.ca/dataset/building-permits-cleared-permits/,toronto-geoid:6332564,6332564,4171 SHEPPARD AVE E,,,condenser_water,SUPPORTING,HISTORICAL_MECHANICAL_PROJECT,,,toronto-permit:21 234133 HVA,0b2e37eed6142a98,2023-12-11,,,,HVAC - Proposal to install a new water-cooled chiller and connection to existing condenser water and chilled water systems. The work involves minor modifications to existing room to accommodate new equipment installation. | Building Permit Related(MS) | Mechanical(MS) | Data Centre | Data Centre | Office
permit:cleared:07 130832 BLD:00:chiller,toronto_building_permits_cleared,cleared:07 130832 BLD:00,cleared,https://open.toronto.ca/dataset/building-permits-cleared-permits/,toronto-geoid:6350053,6350053,40 ST GEORGE ST,,,chiller,SUPPORTING,HISTORICAL_MECHANICAL_PROJECT,,,toronto-permit:07 130832 BLD,2663da6d1180cd97,2026-06-08,,,,Make interior alterations to a portion of level P1 to accommodate the installation of a new chiller. | Interior Alterations | Building Additions/Alterations | University | Same | University
permit:cleared:07 130832 HVA:00:chiller,toronto_building_permits_cleared,cleared:07 130832 HVA:00,cleared,https://open.toronto.ca/dataset/building-permits-cleared-permits/,toronto-geoid:6350053,6350053,40 ST GEORGE ST,,,chiller,SUPPORTING,HISTORICAL_MECHANICAL_PROJECT,,,toronto-permit:07 130832 HVA,fbef553fd90f1839,2026-06-08,,,,HVAC - Alterations to install Chiller on P1 level | Building Permit Related(MS) | Mechanical(MS) | University | Same | University
permit:active:19 236222 BLD:00:chiller,toronto_building_permits_active,active:19 236222 BLD:00,active,https://open.toronto.ca/dataset/building-permits-active-permits/,toronto-geoid:6666985,6666985,1 CHURCH ST,,,chiller,SUPPORTING,SOURCE_ACTIVE_MECHANICAL_PERMIT,,,toronto-permit:19 236222 BLD,9a12e7d167686f9a,2019-11-15,2478,False,,Proposal for a chiller replacement for existing apartment building | Other(BA) | Building Additions/Alterations | Apartment | Apartment | Apartment Building
permit:cleared:19 236222 HVA:00:chiller,toronto_building_permits_cleared,cleared:19 236222 HVA:00,cleared,https://open.toronto.ca/dataset/building-permits-cleared-permits/,toronto-geoid:6666985,6666985,1 CHURCH ST,,,chiller,SUPPORTING,HISTORICAL_MECHANICAL_PROJECT,,,toronto-permit:19 236222 HVA,5475753fc120f2ab,2021-12-07,,,,HVAC - Proposal for a chiller replacement for existing apartment building | Building Permit Related(MS) | Mechanical(MS) | Apartment | Apartment | Apartment Building
permit:cleared:18 177761 BLD:00:chiller,toronto_building_permits_cleared,cleared:18 177761 BLD:00,cleared,https://open.toronto.ca/dataset/building-permits-cleared-permits/,toronto-geoid:6727800,6727800,888 BIRCHMOUNT RD,,,chiller,SUPPORTING,HISTORICAL_MECHANICAL_PROJECT,,RETIRE_OR_CONVERT_AWAY_FROM_TOWER,toronto-permit:18 177761 BLD,e9edac0bdf609730,2020-10-13,,,,"Proposed removal of section of wall to facilitate removal and reinstallation of chiller plant ( 2 Chillers, 2 Cooling Towers and 5 pumps) in mechanical penthouse. | Interior Alterations | Building Additions/Alterations | Office | Office | Office"
permit:cleared:18 177761 BLD:00:cooling_tower,toronto_building_permits_cleared,cleared:18 177761 BLD:00,cleared,https://open.toronto.ca/dataset/building-permits-cleared-permits/,toronto-geoid:6727800,6727800,888 BIRCHMOUNT RD,,,cooling_tower,CONFIRMED,COOLING_TOWER_PROJECT_HISTORY,RETIRE_OR_CONVERT_AWAY_FROM_TOWER,,toronto-permit:18 177761 BLD,e9edac0bdf609730,2020-10-13,,,,"Proposed removal of section of wall to facilitate removal and reinstallation of chiller plant ( 2 Chillers, 2 Cooling Towers and 5 pumps) in mechanical penthouse. | Interior Alterations | Building Additions/Alterations | Office | Office | Office"
permit:cleared:18 177761 HVA:00:chiller,toronto_building_permits_cleared,cleared:18 177761 HVA:00,cleared,https://open.toronto.ca/dataset/building-permits-cleared-permits/,toronto-geoid:6727800,6727800,888 BIRCHMOUNT RD,,,chiller,SUPPORTING,HISTORICAL_MECHANICAL_PROJECT,,RETIRE_OR_CONVERT_AWAY_FROM_TOWER,toronto-permit:18 177761 HVA,ac5123ee98405de2,2025-03-14,,,,"HVAC - Proposed removal of section of wall to facilitate removal and reinstallation of chiller plant ( 2 Chillers, 2 Cooling Towers and 5 pumps) in mechanical penthouse. | Building Permit Related(MS) | Mechanical(MS) | Office | Office | Office"
permit:cleared:18 177761 HVA:00:cooling_tower,toronto_building_permits_cleared,cleared:18 177761 HVA:00,cleared,https://open.toronto.ca/dataset/building-permits-cleared-permits/,toronto-geoid:6727800,6727800,888 BIRCHMOUNT RD,,,cooling_tower,CONFIRMED,COOLING_TOWER_PROJECT_HISTORY,RETIRE_OR_CONVERT_AWAY_FROM_TOWER,,toronto-permit:18 177761 HVA,ac5123ee98405de2,2025-03-14,,,,"HVAC - Proposed removal of section of wall to facilitate removal and reinstallation of chiller plant ( 2 Chillers, 2 Cooling Towers and 5 pumps) in mechanical penthouse. | Building Permit Related(MS) | Mechanical(MS) | Office | Office | Office"
permit:active:21 230470 BLD:00:chiller,toronto_building_permits_active,active:21 230470 BLD:00,active,https://open.toronto.ca/dataset/building-permits-active-permits/,toronto-geoid:6868899,6868899,253 MERTON ST,,,chiller,SUPPORTING,SOURCE_ACTIVE_MECHANICAL_PERMIT,,,toronto-permit:21 230470 BLD,f735315bcb3b9e16,2021-11-22,1740,False,,Remove section of concrete block wall for passage of new chiller replacement equipment. Re-install block wall on completion. | Interior Alterations | Building Additions/Alterations | Apartment Building | Apartment Building | Apartment Building
permit:cleared:25 153112 MSA:00:chiller,toronto_building_permits_cleared,cleared:25 153112 MSA:00,cleared,https://open.toronto.ca/dataset/building-permits-cleared-permits/,toronto-geoid:6868910,6868910,319 MERTON ST,,,chiller,SUPPORTING,HISTORICAL_MECHANICAL_PROJECT,,REPLACE_OR_RENEW_TOWER,toronto-permit:25 153112 MSA,bfadbd128c24e467,2025-11-20,,,,Proposal For Chiller and Cooling Tower Replacement. | Other(MS) | Mechanical(MS) | Apartment | Apartment | Apartment Building
permit:cleared:25 153112 MSA:00:cooling_tower,toronto_building_permits_cleared,cleared:25 153112 MSA:00,cleared,https://open.toronto.ca/dataset/building-permits-cleared-permits/,toronto-geoid:6868910,6868910,319 MERTON ST,,,cooling_tower,CONFIRMED,COOLING_TOWER_PROJECT_HISTORY,REPLACE_OR_RENEW_TOWER,,toronto-permit:25 153112 MSA,bfadbd128c24e467,2025-11-20,,,,Proposal For Chiller and Cooling Tower Replacement. | Other(MS) | Mechanical(MS) | Apartment | Apartment | Apartment Building
permit:active:12 105936 MSA:00:chiller,toronto_building_permits_active,active:12 105936 MSA:00,active,https://open.toronto.ca/dataset/building-permits-active-permits/,toronto-geoid:7042041,7042041,24 MABELLE AVE,,,chiller,SUPPORTING,SOURCE_ACTIVE_MECHANICAL_PERMIT,,,toronto-permit:12 105936 MSA,5190307a76dab932,2012-02-08,5315,False,,Chiller replacement to an existing apartment building. | HVAC: Other Group C Buildings | Mechanical(MS) | Apartment Building | Apartment Building | Apartment Building
permit:active:12 105945 MSA:00:chiller,toronto_building_permits_active,active:12 105945 MSA:00,active,https://open.toronto.ca/dataset/building-permits-active-permits/,toronto-geoid:7042042,7042042,25 MABELLE AVE,,,chiller,SUPPORTING,SOURCE_ACTIVE_MECHANICAL_PERMIT,,,toronto-permit:12 105945 MSA,5190307a76dab932,2012-02-08,5315,False,,Chiller replacement to an existing apartment building. | HVAC: Other Group C Buildings | Mechanical(MS) | Apartment Building | Apartment Building | Apartment Building
permit:cleared:04 154251 BLD:00:chiller,toronto_building_permits_cleared,cleared:04 154251 BLD:00,cleared,https://open.toronto.ca/dataset/building-permits-cleared-permits/,toronto-geoid:7063055,7063055,310 HUMBERLINE DR,,,chiller,SUPPORTING,HISTORICAL_MECHANICAL_PROJECT,,,toronto-permit:04 154251 BLD,af20ffacfc25ed98,2026-06-08,,,,"Construction & erection of 2 silos with vacuum blower for silos with foundations, chiller foundation slab on the exterior and installation of access catwalk for process piping support on interior | Multiple Projects | Building Additions/Alterations | Industrial Manufacturing Plant"
permit:active:17 220512 BLD:00:chiller,toronto_building_permits_active,active:17 220512 BLD:00,active,https://open.toronto.ca/dataset/building-permits-active-permits/,toronto-geoid:7204478,7204478,2301 MIDLAND AVE,,,chiller,SUPPORTING,SOURCE_ACTIVE_MECHANICAL_PERMIT,,REPLACE_OR_RENEW_TOWER,toronto-permit:17 220512 BLD,e2305d3e5a4350d3,2017-09-29,3255,False,,Proposal to erect roof platform for the replacement of a roof top chiller system and cooling tower for a mixed use building. | Re-Roofing/Re-Cladding | Building Additions/Alterations | Mixed Use | Same | Multiple Unit Building
permit:active:17 220512 BLD:00:cooling_tower,toronto_building_permits_active,active:17 220512 BLD:00,active,https://open.toronto.ca/dataset/building-permits-active-permits/,toronto-geoid:7204478,7204478,2301 MIDLAND AVE,,,cooling_tower,CONFIRMED,SOURCE_ACTIVE_COOLING_TOWER_PERMIT,REPLACE_OR_RENEW_TOWER,,toronto-permit:17 220512 BLD,e2305d3e5a4350d3,2017-09-29,3255,False,,Proposal to erect roof platform for the replacement of a roof top chiller system and cooling tower for a mixed use building. | Re-Roofing/Re-Cladding | Building Additions/Alterations | Mixed Use | Same | Multiple Unit Building
permit:active:12 133171 MSA:00:chiller,toronto_building_permits_active,active:12 133171 MSA:00,active,https://open.toronto.ca/dataset/building-permits-active-permits/,toronto-geoid:7274128,7274128,110 DREWRY AVE,,,chiller,SUPPORTING,SOURCE_ACTIVE_MECHANICAL_PERMIT,,,toronto-permit:12 133171 MSA,3ba9518d282e9429,2012-03-15,5279,False,,Chiller replacement for Esc Monseighneur-De-Charbonnel | Alter: Boiler/Furnace/AC Replacement | Mechanical(MS) | Secondary School | Secondary School | Secondary School
permit:active:21 252037 BLD:00:chiller,toronto_building_permits_active,active:21 252037 BLD:00,active,https://open.toronto.ca/dataset/building-permits-active-permits/,toronto-geoid:7570431,7570431,816 LOGAN AVE,,,chiller,SUPPORTING,SOURCE_ACTIVE_MECHANICAL_PERMIT,,,toronto-permit:21 252037 BLD,228acf0f94e4af6b,2022-02-09,1661,False,,Replace the existing cooling system with new air-cooled chiller on the roof and pumps and heat exchanger in the mechanical room. | Other(BA) | Building Additions/Alterations | Elementary School | Elementary School | Elementary School
permit:active:21 252037 HVA:00:chiller,toronto_building_permits_active,active:21 252037 HVA:00,active,https://open.toronto.ca/dataset/building-permits-active-permits/,toronto-geoid:7570431,7570431,816 LOGAN AVE,,,chiller,SUPPORTING,SOURCE_ACTIVE_MECHANICAL_PERMIT,,,toronto-permit:21 252037 HVA,b210971a308aa3d5,2022-02-09,1661,False,,HVAC - Replace the existing cooling system with new air-cooled chiller on the roof and pumps and heat exchanger in the mechanical room. | Building Permit Related(MS) | Mechanical(MS) | Elementary School | Elementary School | Elementary School
permit:active:21 252037 PLB:00:chiller,toronto_building_permits_active,active:21 252037 PLB:00,active,https://open.toronto.ca/dataset/building-permits-active-permits/,toronto-geoid:7570431,7570431,816 LOGAN AVE,,,chiller,SUPPORTING,SOURCE_ACTIVE_MECHANICAL_PERMIT,,,toronto-permit:21 252037 PLB,b0715b847ed58558,2022-02-09,1661,False,,Plumbing - Replace the existing cooling system with new air-cooled chiller on the roof and pumps and heat exchanger in the mechanical room. | Building Permit Related(PS) | Plumbing(PS) | Elementary School | Elementary School | Elementary School
permit:cleared:18 271784 BLD:02:chiller,toronto_building_permits_cleared,cleared:18 271784 BLD:02,cleared,https://open.toronto.ca/dataset/building-permits-cleared-permits/,toronto-geoid:7641683,7641683,50 GOULD ST,,,chiller,SUPPORTING,HISTORICAL_MECHANICAL_PROJECT,,,toronto-permit:18 271784 BLD,2f611378886b9e4d,2022-03-01,,,,"REVISION 2 - alterations to the sprinkler system at Ryerson Kerr Hall South in the chiller roomProposed exteriror structural roof platform, removal of boiler and associated piping and installation of two(2) new chillers for the existing university building, convenience address is 40 Gould St. | Interior Alterations | Building Additions/Alterations | University | University | University"
permit:cleared:07 287273 MSA:00:chiller,toronto_building_permits_cleared,cleared:07 287273 MSA:00,cleared,https://open.toronto.ca/dataset/building-permits-cleared-permits/,toronto-geoid:7642546,7642546,81 DALHOUSIE ST,,,chiller,SUPPORTING,HISTORICAL_MECHANICAL_PROJECT,,,toronto-permit:07 287273 MSA,933bbf36f140ffa2,2026-06-08,,,,Replace boiler & chiller. | Alter: Boiler/Furnace/AC Replacement | Mechanical(MS) | Apartment Building | Apartment Building | Apartment Building
permit:cleared:22 116316 BLD:01:chiller,toronto_building_permits_cleared,cleared:22 116316 BLD:01,cleared,https://open.toronto.ca/dataset/building-permits-cleared-permits/,toronto-geoid:7683835,7683835,218 CARLTON ST,,,chiller,SUPPORTING,HISTORICAL_MECHANICAL_PROJECT,,,toronto-permit:22 116316 BLD,6d9ff3858b9eb032,2024-06-10,,,,"REV 01: REVISION TO BUILDING PERMIT NO. 22 116316 BLD 00 BA - RELOCATE BICYCLE STORAGE TO BASEMENT CLOSETS, DELETE REAR YARD BIKE STORAGE SHED; RELOCATE CHILLER FROM ROOF TO REAR YARD, CONSTRUCT CHILLER PLATFORM AND FENCE AROUND PLATFORM; CONSTRUCT REAR YARD FLOOD BARRIER, AND STEEL STAIR OVER THE RAISED CURB | Interior Alterations | Building Additions/Alterations | Sfd | 9 Units Men'S Shelter | Municipal Shelter"
permit:cleared:05 128750 MSA:00:chiller,toronto_building_permits_cleared,cleared:05 128750 MSA:00,cleared,https://open.toronto.ca/dataset/building-permits-cleared-permits/,toronto-geoid:772675,772675,117 BLOOR ST E,,,chiller,SUPPORTING,HISTORICAL_MECHANICAL_PROJECT,,,toronto-permit:05 128750 MSA,730bac5cd78672d6,2026-06-08,,,,Replace chiller on roof. | Alter: Boiler/Furnace/AC Replacement | Mechanical(MS) | Place of Worship
permit:active:17 260128 MSA:00:chiller,toronto_building_permits_active,active:17 260128 MSA:00,active,https://open.toronto.ca/dataset/building-permits-active-permits/,toronto-geoid:772677,772677,121 BLOOR ST E,,,chiller,SUPPORTING,SOURCE_ACTIVE_MECHANICAL_PERMIT,,,toronto-permit:17 260128 MSA,2e87dfdde5fcf346,2017-12-07,3186,False,,Proposed chiller and pump replacement. | Alter: Boiler/Furnace/AC Replacement | Mechanical(MS) | Office | Office | Office
permit:active:22 110097 FSU:00:chiller,toronto_building_permits_active,active:22 110097 FSU:00,active,https://open.toronto.ca/dataset/building-permits-active-permits/,toronto-geoid:772686,772686,333 BLOOR ST E,,,chiller,SUPPORTING,SOURCE_ACTIVE_MECHANICAL_PERMIT,,,toronto-permit:22 110097 FSU,d3940406b8fa8566,2022-03-14,1628,False,,"FS - Sprinkler Shop Drawing - Proposal for interior alterations to convert existing office/storage space in basement level into new chiller room with associated mechanical equipment, ventillation system, fire-protection, plumbing, electrical infrastructure, structural and architectural modifications. | Building Permit Related(FS) | Fire/Security Upgrade | Multi Use, Non Res | Multi Use, Non Res | Multiple Use/Non Residential"
permit:cleared:22 110097 BLD:00:chiller,toronto_building_permits_cleared,cleared:22 110097 BLD:00,cleared,https://open.toronto.ca/dataset/building-permits-cleared-permits/,toronto-geoid:772686,772686,333 BLOOR ST E,,,chiller,SUPPORTING,HISTORICAL_MECHANICAL_PROJECT,,,toronto-permit:22 110097 BLD,5f112c597ac2ef8f,2025-02-06,,,,"Proposal for interior alterations to convert existing office/storage space in basement level into new chiller room with associated mechanical equipment, ventillation system, fire-protection, plumbing, electrical infrastructure, structural and architectural modifications. | Interior Alterations | Building Additions/Alterations | Multi Use, Non Res | Multi Use, Non Res | Multiple Use/Non Residential"
permit:cleared:22 110097 BLD:01:chiller,toronto_building_permits_cleared,cleared:22 110097 BLD:01,cleared,https://open.toronto.ca/dataset/building-permits-cleared-permits/,toronto-geoid:772686,772686,333 BLOOR ST E,,,chiller,SUPPORTING,HISTORICAL_MECHANICAL_PROJECT,,,toronto-permit:22 110097 BLD,e4555c65cde4be92,2025-02-06,,,,"Revision - Expansion of project scope area to sub-basement level. Demolition existing chiller plant and installation of new heat recovery chiller plant in sub-basement level with associated mechanical equipment, ventilation system, fire-protection, plumbing, electrical infrastructure, structural and architectural modifications. | Interior Alterations | Building Additions/Alterations | Multi Use, Non Res | Multi Use, Non Res | Multiple Use/Non Residential"
permit:cleared:22 110097 HVA:00:chiller,toronto_building_permits_cleared,cleared:22 110097 HVA:00,cleared,https://open.toronto.ca/dataset/building-permits-cleared-permits/,toronto-geoid:772686,772686,333 BLOOR ST E,,,chiller,SUPPORTING,HISTORICAL_MECHANICAL_PROJECT,,,toronto-permit:22 110097 HVA,d2aa7d8926ff55aa,2025-01-09,,,,"HVAC - Proposal for interior alterations to convert existing office/storage space in basement level into new chiller room with associated mechanical equipment, ventillation system, fire-protection, plumbing, electrical infrastructure, structural and architectural modifications. | Building Permit Related(MS) | Mechanical(MS) | Multi Use, Non Res | Multi Use, Non Res | Multiple Use/Non Residential"
permit:cleared:22 110097 HVA:01:chiller,toronto_building_permits_cleared,cleared:22 110097 HVA:01,cleared,https://open.toronto.ca/dataset/building-permits-cleared-permits/,toronto-geoid:772686,772686,333 BLOOR ST E,,,chiller,SUPPORTING,HISTORICAL_MECHANICAL_PROJECT,,,toronto-permit:22 110097 HVA,383014cdd9e53f08,2025-01-09,,,,"HVAC revision - Expansion of project scope area to sub-basement level. Demolition existing chiller plant and installation of new heat recovery chiller plant in sub-basement level with associated mechanical equipment, ventilation system, fire-protection, plumbing, electrical infrastructure, structural and architectural modifications. | Building Permit Related(MS) | Mechanical(MS) | Multi Use, Non Res | Multi Use, Non Res | Multiple Use/Non Residential"
permit:cleared:22 110097 PLB:00:chiller,toronto_building_permits_cleared,cleared:22 110097 PLB:00,cleared,https://open.toronto.ca/dataset/building-permits-cleared-permits/,toronto-geoid:772686,772686,333 BLOOR ST E,,,chiller,SUPPORTING,HISTORICAL_MECHANICAL_PROJECT,,,toronto-permit:22 110097 PLB,8b0cb8a72952a157,2024-06-12,,,,"Plumbing - Proposal for interior alterations to convert existing office/storage space in basement level into new chiller room with associated mechanical equipment, ventillation system, fire-protection, plumbing, electrical infrastructure, structural and architectural modifications. | Building Permit Related(PS) | Plumbing(PS) | Multi Use, Non Res | Multi Use, Non Res | Multiple Use/Non Residential"
permit:cleared:22 110097 PLB:01:chiller,toronto_building_permits_cleared,cleared:22 110097 PLB:01,cleared,https://open.toronto.ca/dataset/building-permits-cleared-permits/,toronto-geoid:772686,772686,333 BLOOR ST E,,,chiller,SUPPORTING,HISTORICAL_MECHANICAL_PROJECT,,,toronto-permit:22 110097 PLB,f4fb5b656bc04c54,2024-06-12,,,,"Plumbing - Expansion of project scope area to sub-basement level. Demolition existing chiller plant and installation of new heat recovery chiller plant in sub-basement level with associated mechanical equipment, ventilation system, fire-protection, plumbing, electrical infrastructure, structural and architectural modifications. | Building Permit Related(PS) | Plumbing(PS) | Multi Use, Non Res | Multi Use, Non Res | Multiple Use/Non Residential"
permit:cleared:16 101967 BLD:00:chiller,toronto_building_permits_cleared,cleared:16 101967 BLD:00,cleared,https://open.toronto.ca/dataset/building-permits-cleared-permits/,toronto-geoid:772764,772764,246 BLOOR ST W,,,chiller,SUPPORTING,HISTORICAL_MECHANICAL_PROJECT,,INSTALL_OR_ADD_TOWER,toronto-permit:16 101967 BLD,b7f7fefa945f702d,2018-01-26,,,,"Proposal to bring utilities from 252 to 246 Bloor St W through buried pipes under an open parking lot. Connect new pipes to existing services at 252 and 246 Bloor. Demolish existing chiller, cooling tower, boilers and heat exchanger at 246 Bloor. Both buildings are owned by University of Toronto. | Other(BA) | Building Additions/Alterations | University | University | University"
permit:cleared:16 101967 BLD:00:cooling_tower,toronto_building_permits_cleared,cleared:16 101967 BLD:00,cleared,https://open.toronto.ca/dataset/building-permits-cleared-permits/,toronto-geoid:772764,772764,246 BLOOR ST W,,,cooling_tower,CONFIRMED,COOLING_TOWER_PROJECT_HISTORY,INSTALL_OR_ADD_TOWER,,toronto-permit:16 101967 BLD,b7f7fefa945f702d,2018-01-26,,,,"Proposal to bring utilities from 252 to 246 Bloor St W through buried pipes under an open parking lot. Connect new pipes to existing services at 252 and 246 Bloor. Demolish existing chiller, cooling tower, boilers and heat exchanger at 246 Bloor. Both buildings are owned by University of Toronto. | Other(BA) | Building Additions/Alterations | University | University | University"
permit:cleared:16 101967 HVA:00:chiller,toronto_building_permits_cleared,cleared:16 101967 HVA:00,cleared,https://open.toronto.ca/dataset/building-permits-cleared-permits/,toronto-geoid:772764,772764,246 BLOOR ST W,,,chiller,SUPPORTING,HISTORICAL_MECHANICAL_PROJECT,,INSTALL_OR_ADD_TOWER,toronto-permit:16 101967 HVA,6d5f9814699a79de,2018-01-18,,,,"HVAC - Proposal to bring utilities from 252 to 246 Bloor St W through buried pipes under an open parking lot. Connect new pipes to existing services at 252 and 246 Bloor. Demolish existing chiller, cooling tower, boilers and heat exchanger at 246 Bloor. Both buildings are owned by University of Toronto. | Building Permit Related(MS) | Mechanical(MS) | University | University | University"
permit:cleared:16 101967 HVA:00:cooling_tower,toronto_building_permits_cleared,cleared:16 101967 HVA:00,cleared,https://open.toronto.ca/dataset/building-permits-cleared-permits/,toronto-geoid:772764,772764,246 BLOOR ST W,,,cooling_tower,CONFIRMED,COOLING_TOWER_PROJECT_HISTORY,INSTALL_OR_ADD_TOWER,,toronto-permit:16 101967 HVA,6d5f9814699a79de,2018-01-18,,,,"HVAC - Proposal to bring utilities from 252 to 246 Bloor St W through buried pipes under an open parking lot. Connect new pipes to existing services at 252 and 246 Bloor. Demolish existing chiller, cooling tower, boilers and heat exchanger at 246 Bloor. Both buildings are owned by University of Toronto. | Building Permit Related(MS) | Mechanical(MS) | University | University | University"
permit:cleared:16 101967 PLB:00:chiller,toronto_building_permits_cleared,cleared:16 101967 PLB:00,cleared,https://open.toronto.ca/dataset/building-permits-cleared-permits/,toronto-geoid:772764,772764,246 BLOOR ST W,,,chiller,SUPPORTING,HISTORICAL_MECHANICAL_PROJECT,,INSTALL_OR_ADD_TOWER,toronto-permit:16 101967 PLB,4b9fd8d784e6c9fe,2018-01-25,,,,"Plumbing - Proposal to bring utilities from 252 to 246 Bloor St W through buried pipes under an open parking lot. Connect new pipes to existing services at 252 and 246 Bloor. Demolish existing chiller, cooling tower, boilers and heat exchanger at 246 Bloor. Both buildings are owned by University of Toronto. | Building Permit Related(PS) | Plumbing(PS) | University | University | University"
permit:cleared:16 101967 PLB:00:cooling_tower,toronto_building_permits_cleared,cleared:16 101967 PLB:00,cleared,https://open.toronto.ca/dataset/building-permits-cleared-permits/,toronto-geoid:772764,772764,246 BLOOR ST W,,,cooling_tower,CONFIRMED,COOLING_TOWER_PROJECT_HISTORY,INSTALL_OR_ADD_TOWER,,toronto-permit:16 101967 PLB,4b9fd8d784e6c9fe,2018-01-25,,,,"Plumbing - Proposal to bring utilities from 252 to 246 Bloor St W through buried pipes under an open parking lot. Connect new pipes to existing services at 252 and 246 Bloor. Demolish existing chiller, cooling tower, boilers and heat exchanger at 246 Bloor. Both buildings are owned by University of Toronto. | Building Permit Related(PS) | Plumbing(PS) | University | University | University"
permit:active:11 307336 BLD:00:chiller,toronto_building_permits_active,active:11 307336 BLD:00,active,https://open.toronto.ca/dataset/building-permits-active-permits/,toronto-geoid:7730109,7730109,380 VICTORIA ST,,,chiller,SUPPORTING,SOURCE_ACTIVE_MECHANICAL_PERMIT,,REPLACE_OR_RENEW_TOWER,toronto-permit:11 307336 BLD,9fdb819d971a29e9,2011-12-13,5372,False,,Proposal to restructure portion of roof in order to support new cooling tower on the roof and new replace 1 chiller in basement in existing Library Building. Note: New equipment will serve existing Library Building and New Student Centre. Ryerson University - . Convenience address - 350 Victoria St. | Multiple Projects | Building Additions/Alterations | University Building | Same | University
permit:active:11 307336 BLD:00:cooling_tower,toronto_building_permits_active,active:11 307336 BLD:00,active,https://open.toronto.ca/dataset/building-permits-active-permits/,toronto-geoid:7730109,7730109,380 VICTORIA ST,,,cooling_tower,CONFIRMED,SOURCE_ACTIVE_COOLING_TOWER_PERMIT,REPLACE_OR_RENEW_TOWER,,toronto-permit:11 307336 BLD,9fdb819d971a29e9,2011-12-13,5372,False,,Proposal to restructure portion of roof in order to support new cooling tower on the roof and new replace 1 chiller in basement in existing Library Building. Note: New equipment will serve existing Library Building and New Student Centre. Ryerson University - . Convenience address - 350 Victoria St. | Multiple Projects | Building Additions/Alterations | University Building | Same | University
permit:active:11 307336 BLD:01:chiller,toronto_building_permits_active,active:11 307336 BLD:01,active,https://open.toronto.ca/dataset/building-permits-active-permits/,toronto-geoid:7730109,7730109,380 VICTORIA ST,,,chiller,SUPPORTING,SOURCE_ACTIVE_MECHANICAL_PERMIT,,REPLACE_OR_RENEW_TOWER,toronto-permit:11 307336 BLD,a9066ae273557081,2012-04-02,5261,False,,REVISION TO EXISTING BUILDING PERMIT - REVISION TO BORE HOLES THROUGH 9 stories plus roof to accomodate condensing risers for chilling unit. PLEASE SEE REAVISION TO HVAC.Proposal to restructure portion of roof in order to support new cooling tower on the roof and new replace 1 chiller in basement in existing Library Building. Note: New equipment will serve existing Library Building and New Student Centre. Ryerson University - . Convenience address - 350 Victoria St. | Multiple Projects | Building Additions/Alterations | University Building | Same | University
permit:active:11 307336 BLD:01:cooling_tower,toronto_building_permits_active,active:11 307336 BLD:01,active,https://open.toronto.ca/dataset/building-permits-active-permits/,toronto-geoid:7730109,7730109,380 VICTORIA ST,,,cooling_tower,CONFIRMED,SOURCE_ACTIVE_COOLING_TOWER_PERMIT,REPLACE_OR_RENEW_TOWER,,toronto-permit:11 307336 BLD,a9066ae273557081,2012-04-02,5261,False,,REVISION TO EXISTING BUILDING PERMIT - REVISION TO BORE HOLES THROUGH 9 stories plus roof to accomodate condensing risers for chilling unit. PLEASE SEE REAVISION TO HVAC.Proposal to restructure portion of roof in order to support new cooling tower on the roof and new replace 1 chiller in basement in existing Library Building. Note: New equipment will serve existing Library Building and New Student Centre. Ryerson University - . Convenience address - 350 Victoria St. | Multiple Projects | Building Additions/Alterations | University Building | Same | University
permit:cleared:11 307336 HVA:00:chiller,toronto_building_permits_cleared,cleared:11 307336 HVA:00,cleared,https://open.toronto.ca/dataset/building-permits-cleared-permits/,toronto-geoid:7730109,7730109,380 VICTORIA ST,,,chiller,SUPPORTING,HISTORICAL_MECHANICAL_PROJECT,,REPLACE_OR_RENEW_TOWER,toronto-permit:11 307336 HVA,618ceaedcc2c37c6,2025-08-18,,,,HVAC - Proposal to restructure portion of roof in order to support new cooling tower on the roof and new replace 1 chiller in basement in existing Library Building. Note: New equipment will serve existing Library Building and New Student Centre. Ryerson University - . Convenience address - 350 Victoria St. | Building Permit Related(MS) | Mechanical(MS) | University Building | Same | University
permit:cleared:11 307336 HVA:00:cooling_tower,toronto_building_permits_cleared,cleared:11 307336 HVA:00,cleared,https://open.toronto.ca/dataset/building-permits-cleared-permits/,toronto-geoid:7730109,7730109,380 VICTORIA ST,,,cooling_tower,CONFIRMED,COOLING_TOWER_PROJECT_HISTORY,REPLACE_OR_RENEW_TOWER,,toronto-permit:11 307336 HVA,618ceaedcc2c37c6,2025-08-18,,,,HVAC - Proposal to restructure portion of roof in order to support new cooling tower on the roof and new replace 1 chiller in basement in existing Library Building. Note: New equipment will serve existing Library Building and New Student Centre. Ryerson University - . Convenience address - 350 Victoria St. | Building Permit Related(MS) | Mechanical(MS) | University Building | Same | University
permit:cleared:11 307336 HVA:01:chiller,toronto_building_permits_cleared,cleared:11 307336 HVA:01,cleared,https://open.toronto.ca/dataset/building-permits-cleared-permits/,toronto-geoid:7730109,7730109,380 VICTORIA ST,,,chiller,SUPPORTING,HISTORICAL_MECHANICAL_PROJECT,,REPLACE_OR_RENEW_TOWER,toronto-permit:11 307336 HVA,7b1396517abfab4f,2025-08-18,,,,REVISION TO HVAC PERMIT TO INSTALL CONDENSING RISERS - SEE REVISION TO BUILDING PERMitHVAC - Proposal to restructure portion of roof in order to support new cooling tower on the roof and new replace 1 chiller in basement in existing Library Building. Note: New equipment will serve existing Library Building and New Student Centre. Ryerson University - . Convenience address - 350 Victoria St. | Building Permit Related(MS) | Mechanical(MS) | University Building | Same | University
permit:cleared:11 307336 HVA:01:cooling_tower,toronto_building_permits_cleared,cleared:11 307336 HVA:01,cleared,https://open.toronto.ca/dataset/building-permits-cleared-permits/,toronto-geoid:7730109,7730109,380 VICTORIA ST,,,cooling_tower,CONFIRMED,COOLING_TOWER_PROJECT_HISTORY,REPLACE_OR_RENEW_TOWER,,toronto-permit:11 307336 HVA,7b1396517abfab4f,2025-08-18,,,,REVISION TO HVAC PERMIT TO INSTALL CONDENSING RISERS - SEE REVISION TO BUILDING PERMitHVAC - Proposal to restructure portion of roof in order to support new cooling tower on the roof and new replace 1 chiller in basement in existing Library Building. Note: New equipment will serve existing Library Building and New Student Centre. Ryerson University - . Convenience address - 350 Victoria St. | Building Permit Related(MS) | Mechanical(MS) | University Building | Same | University
permit:cleared:17 218727 MSA:00:chiller,toronto_building_permits_cleared,cleared:17 218727 MSA:00,cleared,https://open.toronto.ca/dataset/building-permits-cleared-permits/,toronto-geoid:7730195,7730195,70 ALEXANDER ST,,,chiller,SUPPORTING,HISTORICAL_MECHANICAL_PROJECT,,,toronto-permit:17 218727 MSA,254f6d0c27b203ce,2017-10-11,,,,Proposal for replacement of one chiller unit on the roof top level of existing apartment building. | Other(MS) | Mechanical(MS) | Apartment Building | Same | Apartment Building
permit:active:09 116902 MSA:00:chiller,toronto_building_permits_active,active:09 116902 MSA:00,active,https://open.toronto.ca/dataset/building-permits-active-permits/,toronto-geoid:7730267,7730267,45 CARLTON ST,,,chiller,SUPPORTING,SOURCE_ACTIVE_MECHANICAL_PERMIT,,,toronto-permit:09 116902 MSA,f4c05fa31914fa2c,2009-03-20,6370,False,,permit for chiller replacement and make up air units on roof of existing Apartment building | Alter: Boiler/Furnace/AC Replacement | Mechanical(MS) | Apartment Building | Same | Apartment Building
permit:active:14 259939 BLD:00:chiller,toronto_building_permits_active,active:14 259939 BLD:00,active,https://open.toronto.ca/dataset/building-permits-active-permits/,toronto-geoid:7762637,7762637,25 GROSVENOR ST,,,chiller,SUPPORTING,SOURCE_ACTIVE_MECHANICAL_PERMIT,,INSTALL_OR_ADD_TOWER,toronto-permit:14 259939 BLD,30aabc0a8b3d3435,2014-12-05,4284,False,,"Proposal for interior alterations throughout the 20 storey office building to create new mechanical and electrical spaces as well as a new cooling tower and chiller on the roof. Proposal includes building and hvac, Plumbing services to be capped off (no plumbing permit required). | Other(BA) | Building Additions/Alterations | Office | Same | Office"
permit:active:14 259939 BLD:00:cooling_tower,toronto_building_permits_active,active:14 259939 BLD:00,active,https://open.toronto.ca/dataset/building-permits-active-permits/,toronto-geoid:7762637,7762637,25 GROSVENOR ST,,,cooling_tower,CONFIRMED,SOURCE_ACTIVE_COOLING_TOWER_PERMIT,INSTALL_OR_ADD_TOWER,,toronto-permit:14 259939 BLD,30aabc0a8b3d3435,2014-12-05,4284,False,,"Proposal for interior alterations throughout the 20 storey office building to create new mechanical and electrical spaces as well as a new cooling tower and chiller on the roof. Proposal includes building and hvac, Plumbing services to be capped off (no plumbing permit required). | Other(BA) | Building Additions/Alterations | Office | Same | Office"
permit:active:04 107516 MSA:00:chiller,toronto_building_permits_active,active:04 107516 MSA:00,active,https://open.toronto.ca/dataset/building-permits-active-permits/,toronto-geoid:7792268,7792268,595 BAY ST,,,chiller,SUPPORTING,SOURCE_ACTIVE_MECHANICAL_PERMIT,,,toronto-permit:04 107516 MSA,1c23a8d9727b3f9c,2004-02-11,8234,False,,The work consists of replacement of existing chiller with new chillers | Alter: Boiler/Furnace/AC Replacement | Mechanical(MS) | Multiple Use/Non Residential
permit:cleared:18 122974 MSA:00:chiller,toronto_building_permits_cleared,cleared:18 122974 MSA:00,cleared,https://open.toronto.ca/dataset/building-permits-cleared-permits/,toronto-geoid:7792529,7792529,200 ELIZABETH ST,,,chiller,SUPPORTING,HISTORICAL_MECHANICAL_PROJECT,,,toronto-permit:18 122974 MSA,9617f5f7eb01f435,2018-10-11,,,,Proposal to replace chiller and add heat exchangers and connect to Enwave chilled water system. | HVAC: Groups A & B | Mechanical(MS) | Hospital | Hospital | Hospital
permit:cleared:23 148319 BLD:00:chiller,toronto_building_permits_cleared,cleared:23 148319 BLD:00,cleared,https://open.toronto.ca/dataset/building-permits-cleared-permits/,toronto-geoid:7792529,7792529,200 ELIZABETH ST,,,chiller,SUPPORTING,HISTORICAL_MECHANICAL_PROJECT,,,toronto-permit:23 148319 BLD,5d8873807c230aff,2025-01-02,,,,"Existing water cooled chiller, condenser water pump and associated refrigerant piping system replacement | Other(BA) | Building Additions/Alterations | Hospital | Hospital | Hospital"
permit:cleared:23 148319 BLD:00:condenser_water,toronto_building_permits_cleared,cleared:23 148319 BLD:00,cleared,https://open.toronto.ca/dataset/building-permits-cleared-permits/,toronto-geoid:7792529,7792529,200 ELIZABETH ST,,,condenser_water,SUPPORTING,HISTORICAL_MECHANICAL_PROJECT,,,toronto-permit:23 148319 BLD,5d8873807c230aff,2025-01-02,,,,"Existing water cooled chiller, condenser water pump and associated refrigerant piping system replacement | Other(BA) | Building Additions/Alterations | Hospital | Hospital | Hospital"
permit:cleared:23 148319 HVA:00:chiller,toronto_building_permits_cleared,cleared:23 148319 HVA:00,cleared,https://open.toronto.ca/dataset/building-permits-cleared-permits/,toronto-geoid:7792529,7792529,200 ELIZABETH ST,,,chiller,SUPPORTING,HISTORICAL_MECHANICAL_PROJECT,,,toronto-permit:23 148319 HVA,c6e7404bf868b387,2024-01-29,,,,"HVAC - Existing water cooled chiller, condenser water pump and associated refrigerant piping system replacement | Building Permit Related(MS) | Mechanical(MS) | Hospital | Hospital | Hospital"
permit:cleared:23 148319 HVA:00:condenser_water,toronto_building_permits_cleared,cleared:23 148319 HVA:00,cleared,https://open.toronto.ca/dataset/building-permits-cleared-permits/,toronto-geoid:7792529,7792529,200 ELIZABETH ST,,,condenser_water,SUPPORTING,HISTORICAL_MECHANICAL_PROJECT,,,toronto-permit:23 148319 HVA,c6e7404bf868b387,2024-01-29,,,,"HVAC - Existing water cooled chiller, condenser water pump and associated refrigerant piping system replacement | Building Permit Related(MS) | Mechanical(MS) | Hospital | Hospital | Hospital"
permit:cleared:06 132759 BLD:00:chiller,toronto_building_permits_cleared,cleared:06 132759 BLD:00,cleared,https://open.toronto.ca/dataset/building-permits-cleared-permits/,toronto-geoid:7792536,7792536,150 GERRARD ST W,,,chiller,SUPPORTING,HISTORICAL_MECHANICAL_PROJECT,,,toronto-permit:06 132759 BLD,8f61a6ef17e6832e,2026-06-08,,,,Proposed addition of maintenance walkway over roof for access to roof chiller units. | Other(BA) | Building Additions/Alterations | Roof-Hospital | Roof-Hospital | Hospital
permit:cleared:18 271551 MSA:00:chiller,toronto_building_permits_cleared,cleared:18 271551 MSA:00,cleared,https://open.toronto.ca/dataset/building-permits-cleared-permits/,toronto-geoid:7792587,7792587,790 BAY ST,,,chiller,SUPPORTING,HISTORICAL_MECHANICAL_PROJECT,,,toronto-permit:18 271551 MSA,434a0aba8def4d00,2019-07-22,,,,Proposal for the replacement of existing chiller and associated pump in existing penthouse level | Alter: Boiler/Furnace/AC Replacement | Mechanical(MS) | Medical Office | Medical Office | Medical/Dental Office
permit:active:08 113707 BLD:00:chiller,toronto_building_permits_active,active:08 113707 BLD:00,active,https://open.toronto.ca/dataset/building-permits-active-permits/,toronto-geoid:7792698,7792698,600 UNIVERSITY AVE,,,chiller,SUPPORTING,SOURCE_ACTIVE_MECHANICAL_PERMIT,,,toronto-permit:08 113707 BLD,026ff4970d9d3284,2008-03-27,6728,False,,"Interior alterations to portions of lower plenum ceiling space of Level 1, Level 2, 3, 4, 5, 6, and 7 to accommodate new duct for future Enwave' water chiller. Install 4-16"" Pipe for future water chiller. | Interior Alterations | Building Additions/Alterations | Hospital | Hospital | Hospital"
permit:active:08 113707 PLB:00:chiller,toronto_building_permits_active,active:08 113707 PLB:00,active,https://open.toronto.ca/dataset/building-permits-active-permits/,toronto-geoid:7792698,7792698,600 UNIVERSITY AVE,,,chiller,SUPPORTING,SOURCE_ACTIVE_MECHANICAL_PERMIT,,,toronto-permit:08 113707 PLB,2cda2cfc825fcf23,2008-04-15,6709,False,,"Plumbing - Interior alterations to portions of lower plenum ceiling space of Level 1, Level 2, 3, 4, 5, 6, and 7 to accommodate new duct for future Enwave' water chiller. Install 4-16"" Pipe for future water chiller. | Building Permit Related(PS) | Plumbing(PS) | Hospital | Hospital | Hospital"
permit:cleared:08 113707 HVA:00:chiller,toronto_building_permits_cleared,cleared:08 113707 HVA:00,cleared,https://open.toronto.ca/dataset/building-permits-cleared-permits/,toronto-geoid:7792698,7792698,600 UNIVERSITY AVE,,,chiller,SUPPORTING,HISTORICAL_MECHANICAL_PROJECT,,,toronto-permit:08 113707 HVA,01ee13696d7fd72a,2026-06-08,,,,"HVAC - Interior alterations to portions of lower plenum ceiling space of Level 1, Level 2, 3, 4, 5, 6, and 7 to accommodate new duct for future ;Enwave' water chiller. Install 4-16"" Pipe for future water chiller. | Building Permit Related(MS) | Mechanical(MS) | Hospital | Hospital | Hospital"
permit:cleared:17 124769 MSA:00:chiller,toronto_building_permits_cleared,cleared:17 124769 MSA:00,cleared,https://open.toronto.ca/dataset/building-permits-cleared-permits/,toronto-geoid:7793159,7793159,150 COLLEGE ST,,,chiller,SUPPORTING,HISTORICAL_MECHANICAL_PROJECT,,,toronto-permit:17 124769 MSA,6621ab3964343ade,2017-07-14,,,,"Replacement of the following equipment: ain air handling unit, buffer zone air handling unit, return fans, chiller and associated air cooled indoor condensing unit, VAV boxes, controls | Alter: Boiler/Furnace/AC Replacement | Mechanical(MS) | University | University | University"
permit:active:10 118427 BLD:00:chiller,toronto_building_permits_active,active:10 118427 BLD:00,active,https://open.toronto.ca/dataset/building-permits-active-permits/,toronto-geoid:785208,785208,101 COLLEGE ST,,,chiller,SUPPORTING,SOURCE_ACTIVE_MECHANICAL_PERMIT,,,toronto-permit:10 118427 BLD,b5612a6f33180772,2010-02-24,6029,False,,Permit for interior altrerations to existing mixed use building - permit for interior alterations to create new chiller room on ground floor for new chiller for server room. Installing loovers along East Wall of building and create new wall and door opening. - see related mechanical permit SEE 118446 MSA | Interior Alterations | Building Additions/Alterations | Office | Same | Office
permit:active:10 118427 PLB:00:chiller,toronto_building_permits_active,active:10 118427 PLB:00,active,https://open.toronto.ca/dataset/building-permits-active-permits/,toronto-geoid:785208,785208,101 COLLEGE ST,,,chiller,SUPPORTING,SOURCE_ACTIVE_MECHANICAL_PERMIT,,,toronto-permit:10 118427 PLB,1c172fe613993a49,2010-05-13,5951,False,,Plumbing - Permit for interior altrerations to existing mixed use building - permit for interior alterations to create new chiller room on ground floor for new chiller for server room. Installing loovers along East Wall of building and create new wall and door opening. - see related mechanical permit SEE 118446 MSA | Building Permit Related(PS) | Plumbing(PS) | Office | Same | Office
permit:active:10 118446 MSA:00:chiller,toronto_building_permits_active,active:10 118446 MSA:00,active,https://open.toronto.ca/dataset/building-permits-active-permits/,toronto-geoid:785208,785208,101 COLLEGE ST,,,chiller,SUPPORTING,SOURCE_ACTIVE_MECHANICAL_PERMIT,,,toronto-permit:10 118446 MSA,e216aae979269f52,2010-02-26,6027,False,,Permit fo install new chiller for new server room - see 10118427 BLD for building permit - Permit for interior altrerations to existing mixed use building - permit for interior alterations to create new chiller room on ground floor for new chiller for server room. Installing loovers along East Wall of building and create new wall and door opening. - FOR PLANS SEE BUILDING FILE # 10 118427 | Other(MS) | Mechanical(MS) | Office | Same | Office
permit:active:13 144583 BLD:00:chiller,toronto_building_permits_active,active:13 144583 BLD:00,active,https://open.toronto.ca/dataset/building-permits-active-permits/,toronto-geoid:7929297,7929297,107 WELLINGTON ST W,,,chiller,SUPPORTING,SOURCE_ACTIVE_MECHANICAL_PERMIT,,,toronto-permit:13 144583 BLD,4bed4abf338ccbe7,2013-04-18,4880,False,,"Proposal to replace roof top chiller on the roof of existing club ""The Toronto Club"". | Other(BA) | Building Additions/Alterations | Club | Club | Club"
permit:active:13 144583 HVA:00:chiller,toronto_building_permits_active,active:13 144583 HVA:00,active,https://open.toronto.ca/dataset/building-permits-active-permits/,toronto-geoid:7929297,7929297,107 WELLINGTON ST W,,,chiller,SUPPORTING,SOURCE_ACTIVE_MECHANICAL_PERMIT,,,toronto-permit:13 144583 HVA,9e51dfa39d19c17c,2013-05-07,4861,False,,"HVAC - Proposal to replace roof top chiller on the roof of existing club ""The Toronto Club"". | Building Permit Related(MS) | Mechanical(MS) | Club | Club | Club"
permit:active:10 154642 MSA:00:chiller,toronto_building_permits_active,active:10 154642 MSA:00,active,https://open.toronto.ca/dataset/building-permits-active-permits/,toronto-geoid:7929398,7929398,100 KING ST W,,,chiller,SUPPORTING,SOURCE_ACTIVE_MECHANICAL_PERMIT,,,toronto-permit:10 154642 MSA,c3f883ba9b4bb15d,2010-04-26,5968,False,,Installation of six(6) new chillers within the chiller plant located on Level B3 within First Canadian Place. | Alter: Boiler/Furnace/AC Replacement | Mechanical(MS) | Multi Use/Non Residential | Multi Use/Non Residential | Multiple Use/Non Residential
permit:cleared:25 222795 MSA:00:chiller,toronto_building_permits_cleared,cleared:25 222795 MSA:00,cleared,https://open.toronto.ca/dataset/building-permits-cleared-permits/,toronto-geoid:7929642,7929642,43 SIMCOE ST,,,chiller,SUPPORTING,HISTORICAL_MECHANICAL_PROJECT,,,toronto-permit:25 222795 MSA,d7426c8975e683b6,2025-09-26,,,,Proposal for new supplemental cooling units for IDF rooms on 21 and 22 floors. Connection of water chiller supply and return lines to the base building and installation of condensate drains for the fan coil units. | Other(MS) | Mechanical(MS) | Office | Office | Office
permit:cleared:25 222827 PSA:00:chiller,toronto_building_permits_cleared,cleared:25 222827 PSA:00,cleared,https://open.toronto.ca/dataset/building-permits-cleared-permits/,toronto-geoid:7929642,7929642,43 SIMCOE ST,,,chiller,SUPPORTING,HISTORICAL_MECHANICAL_PROJECT,,,toronto-permit:25 222827 PSA,68d40e8738986a61,2025-09-26,,,,New supplemental cooling units for IDF rooms on 21 and 22 floors. Connection of water chiller supply and return lines to the base building and installation of condensate drains for the fan coil units. | Other(PS) | Plumbing(PS) | Office | Office | Office
permit:cleared:21 179090 BLD:00:chiller,toronto_building_permits_cleared,cleared:21 179090 BLD:00,cleared,https://open.toronto.ca/dataset/building-permits-cleared-permits/,toronto-geoid:7929870,7929870,627 QUEENS QUAY W,,,chiller,SUPPORTING,HISTORICAL_MECHANICAL_PROJECT,,,toronto-permit:21 179090 BLD,2867f40a3997711b,2022-08-09,,,,"Energy retrofit project upgrade, chiller room and AHUs upgrade, HVAC retrofit including BAS - Waterfront Community Centre - Structural work : Slab trench cut and restore. Core drill to sheet pile cap beam | Interior Alterations | Building Additions/Alterations | Community Centre | Community Centre | Community Hall"
permit:cleared:21 179090 HVA:00:chiller,toronto_building_permits_cleared,cleared:21 179090 HVA:00,cleared,https://open.toronto.ca/dataset/building-permits-cleared-permits/,toronto-geoid:7929870,7929870,627 QUEENS QUAY W,,,chiller,SUPPORTING,HISTORICAL_MECHANICAL_PROJECT,,,toronto-permit:21 179090 HVA,b4c8b20c376097ed,2022-08-04,,,,"HVAC - Energy retrofit project upgrade, chiller room and AHUs upgrade, HVAC retrofit including BAS - Waterfront Community Centre | Building Permit Related(MS) | Mechanical(MS) | Community Centre | Community Centre | Community Hall"
permit:cleared:18 119106 MSA:00:chiller,toronto_building_permits_cleared,cleared:18 119106 MSA:00,cleared,https://open.toronto.ca/dataset/building-permits-cleared-permits/,toronto-geoid:7950444,7950444,66 COLLIER ST,,,chiller,SUPPORTING,HISTORICAL_MECHANICAL_PROJECT,,,toronto-permit:18 119106 MSA,95ae48a186b25fe9,2025-10-08,,,,"Replacement of standard efficiency boilers, hot water heating boilers and chiller with high efficiency boilers and air cooled chiller. | Other(MS) | Mechanical(MS) | Apt | Apt | Apartment Building"
permit:active:04 100486 MSA:00:chiller,toronto_building_permits_active,active:04 100486 MSA:00,active,https://open.toronto.ca/dataset/building-permits-active-permits/,toronto-geoid:796549,796549,317 DUNDAS ST W,,,chiller,SUPPORTING,SOURCE_ACTIVE_MECHANICAL_PERMIT,,,toronto-permit:04 100486 MSA,0f4378d4ce7e91e6,2004-01-26,8250,False,,Chiller plant replacement.HVAC upgrade | HVAC: Groups A & B | Mechanical(MS) | Art Gallery
permit:active:04 150933 MSA:00:chiller,toronto_building_permits_active,active:04 150933 MSA:00,active,https://open.toronto.ca/dataset/building-permits-active-permits/,toronto-geoid:796549,796549,317 DUNDAS ST W,,,chiller,SUPPORTING,SOURCE_ACTIVE_MECHANICAL_PERMIT,,,toronto-permit:04 150933 MSA,0f4378d4ce7e91e6,2004-07-26,8068,False,,Chiller plant replacement.HVAC upgrade | HVAC: Groups A & B | Mechanical(MS) | Art Gallery
permit:cleared:18 120842 MSA:00:chiller,toronto_building_permits_cleared,cleared:18 120842 MSA:00,cleared,https://open.toronto.ca/dataset/building-permits-cleared-permits/,toronto-geoid:7978539,7978539,69 YORKVILLE AVE,,,chiller,SUPPORTING,HISTORICAL_MECHANICAL_PROJECT,,,toronto-permit:18 120842 MSA,e73603e1c321c21e,2018-07-17,,,,Proposal for replacement of air cooler chiller in existing multi unit building | Other(MS) | Mechanical(MS) | Multi Unit Building | Multi Unit Building | Multiple Unit Building
permit:active:25 147474 BLD:00:chiller,toronto_building_permits_active,active:25 147474 BLD:00,active,https://open.toronto.ca/dataset/building-permits-active-permits/,toronto-geoid:8038154,8038154,72 STERLING RD,,,chiller,SUPPORTING,SOURCE_ACTIVE_MECHANICAL_PERMIT,,,toronto-permit:25 147474 BLD,bb34fbd63bbc952b,2025-05-28,457,False,,"Proposal for the construction of an enclosed chiller room within an existing mechanical area of the sixth floor. Work includes the addition of partition walls, housing pad, finishes, addition of mechanical and electrical systems to support room function. | Interior Alterations | Building Additions/Alterations | Industrial | Industrial | Industrial"
permit:active:25 147474 HVA:00:chiller,toronto_building_permits_active,active:25 147474 HVA:00,active,https://open.toronto.ca/dataset/building-permits-active-permits/,toronto-geoid:8038154,8038154,72 STERLING RD,,,chiller,SUPPORTING,SOURCE_ACTIVE_MECHANICAL_PERMIT,,,toronto-permit:25 147474 HVA,137efbe1b7249183,2025-05-28,457,False,,"HVAC - Proposal for the construction of an enclosed chiller room within an existing mechanical area of the sixth floor. Work includes the addition of partition walls, housing pad, finishes, addition of mechanical and electrical systems to support room function. | Building Permit Related(MS) | Mechanical(MS) | Industrial | Industrial | Industrial"
permit:cleared:06 163836 MSA:00:chiller,toronto_building_permits_cleared,cleared:06 163836 MSA:00,cleared,https://open.toronto.ca/dataset/building-permits-cleared-permits/,toronto-geoid:8067836,8067836,390 BAY ST,,,chiller,SUPPORTING,HISTORICAL_MECHANICAL_PROJECT,,,toronto-permit:06 163836 MSA,2de41e1a0e2cce0b,2026-06-08,,,,To bring indeep lake cooling water to replace chiller | Alter: Boiler/Furnace/AC Replacement | Mechanical(MS) | Office | Same | Office
permit:active:10 289918 BLD:00:chiller,toronto_building_permits_active,active:10 289918 BLD:00,active,https://open.toronto.ca/dataset/building-permits-active-permits/,toronto-geoid:8087258,8087258,55 HARBOUR SQ,,,chiller,SUPPORTING,SOURCE_ACTIVE_MECHANICAL_PERMIT,,,toronto-permit:10 289918 BLD,2e03d4ee92b2cb92,2010-12-22,5728,False,,permit for small addition to second floor of mechanical penthouse to accomodate new chiller - please see related mechanical permit for chiller. | Other(BA) | Building Additions/Alterations | Apartment Building | Same | Apartment Building
permit:cleared:10 289930 MSA:00:chiller,toronto_building_permits_cleared,cleared:10 289930 MSA:00,cleared,https://open.toronto.ca/dataset/building-permits-cleared-permits/,toronto-geoid:8087258,8087258,55 HARBOUR SQ,,,chiller,SUPPORTING,HISTORICAL_MECHANICAL_PROJECT,,,toronto-permit:10 289930 MSA,7aa589210f06f915,2025-11-24,,,,Permit to add new chiller to existing apartment building - see 10 289918 BLD for building permit.permit for small addition to second floor of mechanical penthouse to accomodate new chiller - please see related mechanical permit for chiller. | Other(MS) | Mechanical(MS) | Apartment Building | Same | Apartment Building
permit:active:17 118472 MSA:00:chiller,toronto_building_permits_active,active:17 118472 MSA:00,active,https://open.toronto.ca/dataset/building-permits-active-permits/,toronto-geoid:8087262,8087262,1 HARBOUR SQ,,,chiller,SUPPORTING,SOURCE_ACTIVE_MECHANICAL_PERMIT,,,toronto-permit:17 118472 MSA,07b5ed13dc98db8f,2017-03-27,3441,False,,"Proposal to replace 1 existing chiller with 2 units in mechanical room of existing hotel. ""Westin Harbour Castle Hotel"". Also see active 17 118485 for related bfp work. | Alter: Boiler/Furnace/AC Replacement | Mechanical(MS) | Hotel | Same | Motel/Hotel"
permit:cleared:17 158998 BLD:00:chiller,toronto_building_permits_cleared,cleared:17 158998 BLD:00,cleared,https://open.toronto.ca/dataset/building-permits-cleared-permits/,toronto-geoid:8087336,8087336,222 BAY ST,,,chiller,SUPPORTING,HISTORICAL_MECHANICAL_PROJECT,,,toronto-permit:17 158998 BLD,f8300c46718a3096,2018-08-23,,,,Proposal for interior alterations to 32nd floor mechanical penthouse and replacement of 2 new units: one chiller and one generator. Also to construct 2 intake and exhaust enclosures. | Multiple Projects | Building Additions/Alterations | Office | Office | Office
permit:cleared:17 158998 BLD:01:chiller,toronto_building_permits_cleared,cleared:17 158998 BLD:01,cleared,https://open.toronto.ca/dataset/building-permits-cleared-permits/,toronto-geoid:8087336,8087336,222 BAY ST,,,chiller,SUPPORTING,HISTORICAL_MECHANICAL_PROJECT,,,toronto-permit:17 158998 BLD,c5b89d0ec6e5c581,2018-08-23,,,,Revision to mechanical penthouse to add a roof.Proposal for interior alterations to 32nd floor mechanical penthouse and replacement of 2 new units: one chiller and one generator. Also to construct 2 intake and exhaust enclosures. | Multiple Projects | Building Additions/Alterations | Office | Office | Office
permit:cleared:17 158998 FSU:00:chiller,toronto_building_permits_cleared,cleared:17 158998 FSU:00,cleared,https://open.toronto.ca/dataset/building-permits-cleared-permits/,toronto-geoid:8087336,8087336,222 BAY ST,,,chiller,SUPPORTING,HISTORICAL_MECHANICAL_PROJECT,,,toronto-permit:17 158998 FSU,d8838f3e32b5bd01,2017-11-01,,,,FS - Sprinkler Shop Drawing - Proposal for interior alterations to 32nd floor mechanical penthouse and replacement of 2 new units: one chiller and one generator. Also to construct 2 intake and exhaust enclosures. | Building Permit Related(FS) | Fire/Security Upgrade | Office | Office | Office
permit:cleared:17 158998 HVA:00:chiller,toronto_building_permits_cleared,cleared:17 158998 HVA:00,cleared,https://open.toronto.ca/dataset/building-permits-cleared-permits/,toronto-geoid:8087336,8087336,222 BAY ST,,,chiller,SUPPORTING,HISTORICAL_MECHANICAL_PROJECT,,,toronto-permit:17 158998 HVA,6eed2fde8c2360f2,2018-02-27,,,,HVAC - Proposal for interior alterations to 32nd floor mechanical penthouse and replacement of 2 new units: one chiller and one generator. Also to construct 2 intake and exhaust enclosures. | Building Permit Related(MS) | Mechanical(MS) | Office | Office | Office
permit:cleared:17 158998 HVA:01:chiller,toronto_building_permits_cleared,cleared:17 158998 HVA:01,cleared,https://open.toronto.ca/dataset/building-permits-cleared-permits/,toronto-geoid:8087336,8087336,222 BAY ST,,,chiller,SUPPORTING,HISTORICAL_MECHANICAL_PROJECT,,,toronto-permit:17 158998 HVA,57aa28c6ae7bba1a,2018-02-27,,,,Revision to mechanical penthouse to add a roof.HVAC - Proposal for interior alterations to 32nd floor mechanical penthouse and replacement of 2 new units: one chiller and one generator. Also to construct 2 intake and exhaust enclosures. | Building Permit Related(MS) | Mechanical(MS) | Office | Office | Office
permit:cleared:17 158998 PLB:00:chiller,toronto_building_permits_cleared,cleared:17 158998 PLB:00,cleared,https://open.toronto.ca/dataset/building-permits-cleared-permits/,toronto-geoid:8087336,8087336,222 BAY ST,,,chiller,SUPPORTING,HISTORICAL_MECHANICAL_PROJECT,,,toronto-permit:17 158998 PLB,6d7e4645058a4319,2018-02-20,,,,Plumbing - Proposal for interior alterations to 32nd floor mechanical penthouse and replacement of 2 new units: one chiller and one generator. Also to construct 2 intake and exhaust enclosures. | Building Permit Related(PS) | Plumbing(PS) | Office | Office | Office
permit:active:20 169130 BLD:00:chiller,toronto_building_permits_active,active:20 169130 BLD:00,active,https://open.toronto.ca/dataset/building-permits-active-permits/,toronto-geoid:8105939,8105939,16 RUSSELL ST,,,chiller,SUPPORTING,SOURCE_ACTIVE_MECHANICAL_PERMIT,,,toronto-permit:20 169130 BLD,3f1578f8b1a699de,2020-08-27,2192,False,,"Chiller & Heating Water Systems Upgrade and New Rooftop Mechanical Enclosure to the Existing UofT, Undergraduate Wing. | Interior Alterations | Building Additions/Alterations | Educational - Post Secondary Classroom Building | Educational - Post Secondary Classroom Building | Secondary School"
permit:active:20 169130 HVA:00:chiller,toronto_building_permits_active,active:20 169130 HVA:00,active,https://open.toronto.ca/dataset/building-permits-active-permits/,toronto-geoid:8105939,8105939,16 RUSSELL ST,,,chiller,SUPPORTING,SOURCE_ACTIVE_MECHANICAL_PERMIT,,,toronto-permit:20 169130 HVA,38174f0361c5261c,2020-08-27,2192,False,,HVAC - Chiller and heating water systems upgrade | Building Permit Related(MS) | Mechanical(MS) | Secondary School | Secondary School | Secondary School
permit:active:20 169130 PLB:00:chiller,toronto_building_permits_active,active:20 169130 PLB:00,active,https://open.toronto.ca/dataset/building-permits-active-permits/,toronto-geoid:8105939,8105939,16 RUSSELL ST,,,chiller,SUPPORTING,SOURCE_ACTIVE_MECHANICAL_PERMIT,,,toronto-permit:20 169130 PLB,52d20e1efd86694b,2020-08-27,2192,False,,Plumbing - Chiller and heating water systems upgrade | Building Permit Related(PS) | Plumbing(PS) | Secondary School | Secondary School | Secondary School
permit:active:12 148282 BLD:00:chiller,toronto_building_permits_active,active:12 148282 BLD:00,active,https://open.toronto.ca/dataset/building-permits-active-permits/,toronto-geoid:8127974,8127974,89 HUMBER COLLEGE BLVD,,,chiller,SUPPORTING,SOURCE_ACTIVE_MECHANICAL_PERMIT,,REPLACE_OR_RENEW_TOWER,toronto-permit:12 148282 BLD,73cfe17ffff707b8,2012-06-13,5189,False,,"Interior alterations to penthouse level, to provide new enlarged door and new exhaust fan louver, to replace an existing Chiller and 2 Cooling Towers to Etobicoke General Hospital's Medical Office Building. | Interior Alterations | Building Additions/Alterations | Hospital/Medical Office Building | Hospital/Medical Office Building | Hospital"
permit:active:12 148282 BLD:00:cooling_tower,toronto_building_permits_active,active:12 148282 BLD:00,active,https://open.toronto.ca/dataset/building-permits-active-permits/,toronto-geoid:8127974,8127974,89 HUMBER COLLEGE BLVD,,,cooling_tower,CONFIRMED,SOURCE_ACTIVE_COOLING_TOWER_PERMIT,REPLACE_OR_RENEW_TOWER,,toronto-permit:12 148282 BLD,73cfe17ffff707b8,2012-06-13,5189,False,,"Interior alterations to penthouse level, to provide new enlarged door and new exhaust fan louver, to replace an existing Chiller and 2 Cooling Towers to Etobicoke General Hospital's Medical Office Building. | Interior Alterations | Building Additions/Alterations | Hospital/Medical Office Building | Hospital/Medical Office Building | Hospital"
permit:active:15 123294 MSA:00:chiller,toronto_building_permits_active,active:15 123294 MSA:00,active,https://open.toronto.ca/dataset/building-permits-active-permits/,toronto-geoid:8133817,8133817,1 WARRENDALE CRT,,,chiller,SUPPORTING,SOURCE_ACTIVE_MECHANICAL_PERMIT,,,toronto-permit:15 123294 MSA,32ae3444cccddac1,2015-03-12,4187,False,,Proposal replace existing hot water boiler and chiller at existing womens shelter. Boiler and chiller located outside the building. | Alter: Boiler/Furnace/AC Replacement | Mechanical(MS) | Womens Shelter | Womens Shelter | Hostel/Shelter
permit:active:16 193795 MSA:00:chiller,toronto_building_permits_active,active:16 193795 MSA:00,active,https://open.toronto.ca/dataset/building-permits-active-permits/,toronto-geoid:8155599,8155599,700 EGLINTON AVE W,,,chiller,SUPPORTING,SOURCE_ACTIVE_MECHANICAL_PERMIT,,REPLACE_OR_RENEW_TOWER,toronto-permit:16 193795 MSA,996fe6b3fdf1db1b,2016-09-08,3641,False,,Replacement of existing chiller and cooling tower | Other(MS) | Mechanical(MS) | Library | Library | Library
permit:active:16 193795 MSA:00:cooling_tower,toronto_building_permits_active,active:16 193795 MSA:00,active,https://open.toronto.ca/dataset/building-permits-active-permits/,toronto-geoid:8155599,8155599,700 EGLINTON AVE W,,,cooling_tower,CONFIRMED,SOURCE_ACTIVE_COOLING_TOWER_PERMIT,REPLACE_OR_RENEW_TOWER,,toronto-permit:16 193795 MSA,996fe6b3fdf1db1b,2016-09-08,3641,False,,Replacement of existing chiller and cooling tower | Other(MS) | Mechanical(MS) | Library | Library | Library
permit:cleared:17 138724 BLD:00:chiller,toronto_building_permits_cleared,cleared:17 138724 BLD:00,cleared,https://open.toronto.ca/dataset/building-permits-cleared-permits/,toronto-geoid:8206111,8206111,200 EGLINTON AVE W,,,chiller,SUPPORTING,HISTORICAL_MECHANICAL_PROJECT,,REPLACE_OR_RENEW_TOWER,toronto-permit:17 138724 BLD,2f9236f1b340bcea,2019-03-06,,,,"Change rooms renovation, building envelop upgrades and repairs, accessibility upgrades, Mechanical repairs (replacement of boilers, chiller, air handling unit and cooling tower), plumbing upgrades, BAS replacement, electrical upgrades, re-roofing and new trellis. | Interior Alterations | Building Additions/Alterations | Community Centre | Community Centre | Community Hall"
permit:cleared:17 138724 BLD:00:cooling_tower,toronto_building_permits_cleared,cleared:17 138724 BLD:00,cleared,https://open.toronto.ca/dataset/building-permits-cleared-permits/,toronto-geoid:8206111,8206111,200 EGLINTON AVE W,,,cooling_tower,CONFIRMED,COOLING_TOWER_PROJECT_HISTORY,REPLACE_OR_RENEW_TOWER,,toronto-permit:17 138724 BLD,2f9236f1b340bcea,2019-03-06,,,,"Change rooms renovation, building envelop upgrades and repairs, accessibility upgrades, Mechanical repairs (replacement of boilers, chiller, air handling unit and cooling tower), plumbing upgrades, BAS replacement, electrical upgrades, re-roofing and new trellis. | Interior Alterations | Building Additions/Alterations | Community Centre | Community Centre | Community Hall"
permit:cleared:17 138724 FSU:00:chiller,toronto_building_permits_cleared,cleared:17 138724 FSU:00,cleared,https://open.toronto.ca/dataset/building-permits-cleared-permits/,toronto-geoid:8206111,8206111,200 EGLINTON AVE W,,,chiller,SUPPORTING,HISTORICAL_MECHANICAL_PROJECT,,REPLACE_OR_RENEW_TOWER,toronto-permit:17 138724 FSU,41574e2a1ddc9875,2018-01-16,,,,"FS - Sprinkler Shop Drawing - Change rooms renovation, building envelop upgrades and repairs, accessibility upgrades, Mechanical repairs (replacement of boilers, chiller, air handling unit and cooling tower), plumbing upgrades, BAS replacement, electrical upgrades, re-roofing and new trellis. | Building Permit Related(FS) | Fire/Security Upgrade | Community Centre | Community Centre | Community Hall"
permit:cleared:17 138724 FSU:00:cooling_tower,toronto_building_permits_cleared,cleared:17 138724 FSU:00,cleared,https://open.toronto.ca/dataset/building-permits-cleared-permits/,toronto-geoid:8206111,8206111,200 EGLINTON AVE W,,,cooling_tower,CONFIRMED,COOLING_TOWER_PROJECT_HISTORY,REPLACE_OR_RENEW_TOWER,,toronto-permit:17 138724 FSU,41574e2a1ddc9875,2018-01-16,,,,"FS - Sprinkler Shop Drawing - Change rooms renovation, building envelop upgrades and repairs, accessibility upgrades, Mechanical repairs (replacement of boilers, chiller, air handling unit and cooling tower), plumbing upgrades, BAS replacement, electrical upgrades, re-roofing and new trellis. | Building Permit Related(FS) | Fire/Security Upgrade | Community Centre | Community Centre | Community Hall"
permit:cleared:17 138724 HVA:00:chiller,toronto_building_permits_cleared,cleared:17 138724 HVA:00,cleared,https://open.toronto.ca/dataset/building-permits-cleared-permits/,toronto-geoid:8206111,8206111,200 EGLINTON AVE W,,,chiller,SUPPORTING,HISTORICAL_MECHANICAL_PROJECT,,REPLACE_OR_RENEW_TOWER,toronto-permit:17 138724 HVA,ac6e92610bc97507,2019-03-28,,,,"HVAC - Change rooms renovation, building envelop upgrades and repairs, accessibility upgrades, Mechanical repairs (replacement of boilers, chiller, air handling unit and cooling tower), plumbing upgrades, BAS replacement, electrical upgrades, new roofing and new trellis. | Building Permit Related(MS) | Mechanical(MS) | Community Centre | Community Centre | Community Hall"
permit:cleared:17 138724 HVA:00:cooling_tower,toronto_building_permits_cleared,cleared:17 138724 HVA:00,cleared,https://open.toronto.ca/dataset/building-permits-cleared-permits/,toronto-geoid:8206111,8206111,200 EGLINTON AVE W,,,cooling_tower,CONFIRMED,COOLING_TOWER_PROJECT_HISTORY,REPLACE_OR_RENEW_TOWER,,toronto-permit:17 138724 HVA,ac6e92610bc97507,2019-03-28,,,,"HVAC - Change rooms renovation, building envelop upgrades and repairs, accessibility upgrades, Mechanical repairs (replacement of boilers, chiller, air handling unit and cooling tower), plumbing upgrades, BAS replacement, electrical upgrades, new roofing and new trellis. | Building Permit Related(MS) | Mechanical(MS) | Community Centre | Community Centre | Community Hall"
permit:cleared:17 138724 PLB:00:chiller,toronto_building_permits_cleared,cleared:17 138724 PLB:00,cleared,https://open.toronto.ca/dataset/building-permits-cleared-permits/,toronto-geoid:8206111,8206111,200 EGLINTON AVE W,,,chiller,SUPPORTING,HISTORICAL_MECHANICAL_PROJECT,,REPLACE_OR_RENEW_TOWER,toronto-permit:17 138724 PLB,c929b8674bcd4ffd,2019-05-15,,,,"Plumbing - Change rooms renovation, building envelop upgrades and repairs, accessibility upgrades, Mechanical repairs (replacement of boilers, chiller, air handling unit and cooling tower), plumbing upgrades, BAS replacement, electrical upgrades, new roofing and new trellis. | Building Permit Related(PS) | Plumbing(PS) | Community Centre | Community Centre | Community Hall"
permit:cleared:17 138724 PLB:00:cooling_tower,toronto_building_permits_cleared,cleared:17 138724 PLB:00,cleared,https://open.toronto.ca/dataset/building-permits-cleared-permits/,toronto-geoid:8206111,8206111,200 EGLINTON AVE W,,,cooling_tower,CONFIRMED,COOLING_TOWER_PROJECT_HISTORY,REPLACE_OR_RENEW_TOWER,,toronto-permit:17 138724 PLB,c929b8674bcd4ffd,2019-05-15,,,,"Plumbing - Change rooms renovation, building envelop upgrades and repairs, accessibility upgrades, Mechanical repairs (replacement of boilers, chiller, air handling unit and cooling tower), plumbing upgrades, BAS replacement, electrical upgrades, new roofing and new trellis. | Building Permit Related(PS) | Plumbing(PS) | Community Centre | Community Centre | Community Hall"
permit:active:22 123361 BLD:01:chiller,toronto_building_permits_active,active:22 123361 BLD:01,active,https://open.toronto.ca/dataset/building-permits-active-permits/,toronto-geoid:828085,828085,200 KING ST E,,,chiller,SUPPORTING,SOURCE_ACTIVE_MECHANICAL_PERMIT,,,toronto-permit:22 123361 BLD,aa1aa6b28bd53e44,2022-06-08,1542,False,,REV 01 - Elect. systems related to life safety (fire alarm & lighting) was missed on orig. submission.Proposal for interior repairs to the 6th floor level fire-rated assemblies as a result of a fire loss.(Reinstatement of services w/in 6th floor penthouse after a fire during replacement of the exist. chiller.) | Interior Alterations | Building Additions/Alterations | Post-Secondary School | Post-Secondary School | College/Trade/Tech School/Training Cent.
permit:active:98 015945 HVA:00:chiller,toronto_building_permits_active,active:98 015945 HVA:00,active,https://open.toronto.ca/dataset/building-permits-active-permits/,toronto-geoid:828085,828085,200 KING ST E,,,chiller,SUPPORTING,SOURCE_ACTIVE_MECHANICAL_PERMIT,,INSTALL_OR_ADD_TOWER,toronto-permit:98 015945 HVA,47dd4cab368b6396,1998-05-04,10343,False,,INSTALL NEW CHILLER AND COOLING TOWER AND RELATED PIPING AND PUMPS | Unknown | Mechanical(MS) | Unknown
permit:active:98 015945 HVA:00:cooling_tower,toronto_building_permits_active,active:98 015945 HVA:00,active,https://open.toronto.ca/dataset/building-permits-active-permits/,toronto-geoid:828085,828085,200 KING ST E,,,cooling_tower,CONFIRMED,SOURCE_ACTIVE_COOLING_TOWER_PERMIT,INSTALL_OR_ADD_TOWER,,toronto-permit:98 015945 HVA,47dd4cab368b6396,1998-05-04,10343,False,,INSTALL NEW CHILLER AND COOLING TOWER AND RELATED PIPING AND PUMPS | Unknown | Mechanical(MS) | Unknown
permit:active:17 125235 BLD:00:chiller,toronto_building_permits_active,active:17 125235 BLD:00,active,https://open.toronto.ca/dataset/building-permits-active-permits/,toronto-geoid:828395,828395,905 KING ST W,,,chiller,SUPPORTING,SOURCE_ACTIVE_MECHANICAL_PERMIT,,,toronto-permit:17 125235 BLD,332412a18a1eca90,2018-04-20,3052,False,,Proposed interior alterations to the building to replace 1 chiller on the roof and a backup generator as well as cooling infrastucture upgrades throughout the building row permit for encroachment attached | Interior Alterations | Building Additions/Alterations | Office | Office | Office
permit:active:17 125235 HVA:00:chiller,toronto_building_permits_active,active:17 125235 HVA:00,active,https://open.toronto.ca/dataset/building-permits-active-permits/,toronto-geoid:828395,828395,905 KING ST W,,,chiller,SUPPORTING,SOURCE_ACTIVE_MECHANICAL_PERMIT,,,toronto-permit:17 125235 HVA,428a295b3fba5769,2018-04-20,3052,False,,HVAC - Proposed interior alterations to the building to replace 1 chiller on the roof and a backup generator as well as colling infrastucture upgrades throughout the building | Building Permit Related(MS) | Mechanical(MS) | Office | Office | Office
permit:cleared:17 125235 PLB:00:chiller,toronto_building_permits_cleared,cleared:17 125235 PLB:00,cleared,https://open.toronto.ca/dataset/building-permits-cleared-permits/,toronto-geoid:828395,828395,905 KING ST W,,,chiller,SUPPORTING,HISTORICAL_MECHANICAL_PROJECT,,,toronto-permit:17 125235 PLB,9e4cb747a50600de,2023-01-19,,,,Plumbing - Proposed interior alterations to the building to replace 1 chiller on the roof and a backup generator as well as colling infrastucture upgrades throughout the building | Building Permit Related(PS) | Plumbing(PS) | Office | Office | Office
permit:cleared:16 122462 MSA:00:chiller,toronto_building_permits_cleared,cleared:16 122462 MSA:00,cleared,https://open.toronto.ca/dataset/building-permits-cleared-permits/,toronto-geoid:8344802,8344802,151 KING ST E,,,chiller,SUPPORTING,HISTORICAL_MECHANICAL_PROJECT,,,toronto-permit:16 122462 MSA,291b4b75dc608175,2024-12-20,,,,Proposal to install a temporary chiller at ground level of existing building - St Lawrence Hall (St Lawrence Market). See related permits 14 265741 DEM and 14 265709 BLD. Convenience address is 92 Front St E. | Other(MS) | Mechanical(MS) | Farmers Market | Same | Other
permit:active:17 140238 MSA:00:chiller,toronto_building_permits_active,active:17 140238 MSA:00,active,https://open.toronto.ca/dataset/building-permits-active-permits/,toronto-geoid:8351164,8351164,25 THE ESPLANADE,,,chiller,SUPPORTING,SOURCE_ACTIVE_MECHANICAL_PERMIT,,REPLACE_OR_RENEW_TOWER,toronto-permit:17 140238 MSA,47bcbcd97077c426,2017-06-09,3367,False,,"Replace chiller, cooling tower condenser, chilled water pipes, two heating boilers and fan coil recirculation pumps | Other(MS) | Mechanical(MS) | Residential | Residential | Apartment Building"
permit:active:17 140238 MSA:00:cooling_tower,toronto_building_permits_active,active:17 140238 MSA:00,active,https://open.toronto.ca/dataset/building-permits-active-permits/,toronto-geoid:8351164,8351164,25 THE ESPLANADE,,,cooling_tower,CONFIRMED,SOURCE_ACTIVE_COOLING_TOWER_PERMIT,REPLACE_OR_RENEW_TOWER,,toronto-permit:17 140238 MSA,47bcbcd97077c426,2017-06-09,3367,False,,"Replace chiller, cooling tower condenser, chilled water pipes, two heating boilers and fan coil recirculation pumps | Other(MS) | Mechanical(MS) | Residential | Residential | Apartment Building"
permit:active:10 134639 MSA:00:chiller,toronto_building_permits_active,active:10 134639 MSA:00,active,https://open.toronto.ca/dataset/building-permits-active-permits/,toronto-geoid:8351177,8351177,55 THE ESPLANADE,,,chiller,SUPPORTING,SOURCE_ACTIVE_MECHANICAL_PERMIT,,REPLACE_OR_RENEW_TOWER,toronto-permit:10 134639 MSA,2272e57985771ee2,2010-03-30,5995,False,,Proposal to replace the existing rooftop chiller and cooling tower. | Other(MS) | Mechanical(MS) | Apartment Building | Same | Apartment Building
permit:active:10 134639 MSA:00:cooling_tower,toronto_building_permits_active,active:10 134639 MSA:00,active,https://open.toronto.ca/dataset/building-permits-active-permits/,toronto-geoid:8351177,8351177,55 THE ESPLANADE,,,cooling_tower,CONFIRMED,SOURCE_ACTIVE_COOLING_TOWER_PERMIT,REPLACE_OR_RENEW_TOWER,,toronto-permit:10 134639 MSA,2272e57985771ee2,2010-03-30,5995,False,,Proposal to replace the existing rooftop chiller and cooling tower. | Other(MS) | Mechanical(MS) | Apartment Building | Same | Apartment Building
permit:cleared:12 106418 MSA:00:chiller,toronto_building_permits_cleared,cleared:12 106418 MSA:00,cleared,https://open.toronto.ca/dataset/building-permits-cleared-permits/,toronto-geoid:8351179,8351179,45 THE ESPLANADE,,,chiller,SUPPORTING,HISTORICAL_MECHANICAL_PROJECT,,,toronto-permit:12 106418 MSA,880fe46add321784,2017-12-27,,,,Proposal to install one chiller on roof top of Motel/Hotel. Tenant is Novotel. | Other(MS) | Mechanical(MS) | Hotel/Motel | Same | Motel/Hotel
permit:active:25 162766 BLD:00:chiller,toronto_building_permits_active,active:25 162766 BLD:00,active,https://open.toronto.ca/dataset/building-permits-active-permits/,toronto-geoid:8354416,8354416,230 THE ESPLANADE,,,chiller,SUPPORTING,SOURCE_ACTIVE_MECHANICAL_PERMIT,,,toronto-permit:25 162766 BLD,714f00dd498a6cb8,2025-06-20,434,False,,Proposal for replacement of roofing and chiller | Interior Alterations | Building Additions/Alterations | Recreation/Community Center | Recreation/Community Center | Recreational
permit:active:25 162766 HVA:00:chiller,toronto_building_permits_active,active:25 162766 HVA:00,active,https://open.toronto.ca/dataset/building-permits-active-permits/,toronto-geoid:8354416,8354416,230 THE ESPLANADE,,,chiller,SUPPORTING,SOURCE_ACTIVE_MECHANICAL_PERMIT,,,toronto-permit:25 162766 HVA,6faa289e1ac9ad6f,2025-06-25,429,False,,HVAC - Proposal for replacement of roofing and chiller | Building Permit Related(MS) | Mechanical(MS) | Recreation/Community Center | Recreation/Community Center | Recreational
permit:cleared:19 102596 MSA:00:chiller,toronto_building_permits_cleared,cleared:19 102596 MSA:00,cleared,https://open.toronto.ca/dataset/building-permits-cleared-permits/,toronto-geoid:836549,836549,77 MAITLAND PL,,,chiller,SUPPORTING,HISTORICAL_MECHANICAL_PROJECT,,,toronto-permit:19 102596 MSA,ae61e8011da0555a,2020-09-17,,,,Proposal to replace the chiller in the north and south towers of the existing Residential Condominium. | Other(MS) | Mechanical(MS) | Residential Condo | Residential Condo | Apartment Building
permit:active:10 134645 MSA:00:chiller,toronto_building_permits_active,active:10 134645 MSA:00,active,https://open.toronto.ca/dataset/building-permits-active-permits/,toronto-geoid:8392955,8392955,15 SCADDING AVE,,,chiller,SUPPORTING,SOURCE_ACTIVE_MECHANICAL_PERMIT,,REPLACE_OR_RENEW_TOWER,toronto-permit:10 134645 MSA,2272e57985771ee2,2010-03-30,5995,False,,Proposal to replace the existing rooftop chiller and cooling tower. | Other(MS) | Mechanical(MS) | Multi Use | Same | Multiple Unit Building
permit:active:10 134645 MSA:00:cooling_tower,toronto_building_permits_active,active:10 134645 MSA:00,active,https://open.toronto.ca/dataset/building-permits-active-permits/,toronto-geoid:8392955,8392955,15 SCADDING AVE,,,cooling_tower,CONFIRMED,SOURCE_ACTIVE_COOLING_TOWER_PERMIT,REPLACE_OR_RENEW_TOWER,,toronto-permit:10 134645 MSA,2272e57985771ee2,2010-03-30,5995,False,,Proposal to replace the existing rooftop chiller and cooling tower. | Other(MS) | Mechanical(MS) | Multi Use | Same | Multiple Unit Building
permit:cleared:14 242259 BLD:01:chiller,toronto_building_permits_cleared,cleared:14 242259 BLD:01,cleared,https://open.toronto.ca/dataset/building-permits-cleared-permits/,toronto-geoid:8408205,8408205,77 BLOOR ST W,,,chiller,SUPPORTING,HISTORICAL_MECHANICAL_PROJECT,,,toronto-permit:14 242259 BLD,a2685e1a69c8b34c,2017-01-26,,,,"REVISION - Deletion of 6th Floor fit out scope of work, CD-02 - Revisions to 4th Floor and PC-M1 - Chiller Replacement of existing end of service life unit.Proposal for interior alterations to floors 2 through 10 in existing office buliding (12,250m2). Tenant is TD Bank. | Interior Alterations | Building Additions/Alterations | Office | Office | Office"
permit:active:19 220615 BLD:00:chiller,toronto_building_permits_active,active:19 220615 BLD:00,active,https://open.toronto.ca/dataset/building-permits-active-permits/,toronto-geoid:852873,852873,120 PEARL ST,,,chiller,SUPPORTING,SOURCE_ACTIVE_MECHANICAL_PERMIT,,,toronto-permit:19 220615 BLD,605ca5a9d314b85c,2019-11-07,2486,False,,"Proposal for Interior Alterations, to an Existing Industrial (Utility - Transmission) Building, to convert an existing below grade Oil Storage Room into a Chiller Room. See also 19 106676 ZPR. | Interior Alterations | Building Additions/Alterations | Industrial | Same | Industrial"
permit:active:19 220615 BLD:01:chiller,toronto_building_permits_active,active:19 220615 BLD:01,active,https://open.toronto.ca/dataset/building-permits-active-permits/,toronto-geoid:852873,852873,120 PEARL ST,,,chiller,SUPPORTING,SOURCE_ACTIVE_MECHANICAL_PERMIT,,,toronto-permit:19 220615 BLD,b39d38ea07fa1e58,2020-02-20,2381,False,,"Revison #1 - Enwave - Convert an existing, below-grade oil storage room into a chiller room, in an Existing Industrial Building. | Interior Alterations | Building Additions/Alterations | Industrial Building. | Industrial Building. | Industrial"
permit:active:19 220615 HVA:00:chiller,toronto_building_permits_active,active:19 220615 HVA:00,active,https://open.toronto.ca/dataset/building-permits-active-permits/,toronto-geoid:852873,852873,120 PEARL ST,,,chiller,SUPPORTING,SOURCE_ACTIVE_MECHANICAL_PERMIT,,,toronto-permit:19 220615 HVA,9cb7e6e13a936285,2019-11-08,2485,False,,"HVAC - Proposal for Interior Alterations, to an Existing Industrial (Utility - Transmission) Building, to convert an existing below grade Oil Storage Room into a Chiller Room. See also 19 106676 ZPR. | Building Permit Related(MS) | Mechanical(MS) | Industrial | Same | Industrial"
permit:active:19 220615 HVA:01:chiller,toronto_building_permits_active,active:19 220615 HVA:01,active,https://open.toronto.ca/dataset/building-permits-active-permits/,toronto-geoid:852873,852873,120 PEARL ST,,,chiller,SUPPORTING,SOURCE_ACTIVE_MECHANICAL_PERMIT,,,toronto-permit:19 220615 HVA,1b56461b9e1e962a,2020-02-19,2382,False,,"HVAC Revision #1 - Enwave - Convert an existing, below-grade oil storage room into a chiller room. | Building Permit Related(MS) | Mechanical(MS) | Industrial | Same | Industrial"
permit:cleared:21 184308 BLD:00:chiller,toronto_building_permits_cleared,cleared:21 184308 BLD:00,cleared,https://open.toronto.ca/dataset/building-permits-cleared-permits/,toronto-geoid:852873,852873,120 PEARL ST,,,chiller,SUPPORTING,HISTORICAL_MECHANICAL_PROJECT,,,toronto-permit:21 184308 BLD,3be541869bfeca7b,2021-07-27,,,,"Installation of 3 roof drains (1 at west roof, 1 at central high roof, 1 at east roof), associated reinforcing of roof structure to accomodate openings for roof drains, and re-roofing of central portion of high roof and north half of east roof. | Re-Roofing/Re-Cladding | Building Additions/Alterations | Chiller Plant | Chiller Plant | Industrial"
permit:cleared:21 184308 PLB:00:chiller,toronto_building_permits_cleared,cleared:21 184308 PLB:00,cleared,https://open.toronto.ca/dataset/building-permits-cleared-permits/,toronto-geoid:852873,852873,120 PEARL ST,,,chiller,SUPPORTING,HISTORICAL_MECHANICAL_PROJECT,,,toronto-permit:21 184308 PLB,b312048303032c4d,2021-07-27,,,,"Plumbing - Installation of 3 roof drains (1 at west roof, 1 at central high roof, 1 at east roof), associated reinforcing of roof structure to accomodate openings for roof drains, and re-roofing of central portion of high roof and north half of east roof. | Building Permit Related(PS) | Plumbing(PS) | Chiller Plant | Chiller Plant | Industrial"
permit:active:23 228301 MSA:00:chiller,toronto_building_permits_active,active:23 228301 MSA:00,active,https://open.toronto.ca/dataset/building-permits-active-permits/,toronto-geoid:8535679,8535679,55 BLOOR ST E,,,chiller,SUPPORTING,SOURCE_ACTIVE_MECHANICAL_PERMIT,,,toronto-permit:23 228301 MSA,d9ebe4070a604437,2023-12-20,982,False,,Proposed Chiller Replacement | Alter: Boiler/Furnace/AC Replacement | Mechanical(MS) | Apartment Building | Apartment Building | Apartment Building
permit:active:24 220059 BLD:00:chiller,toronto_building_permits_active,active:24 220059 BLD:00,active,https://open.toronto.ca/dataset/building-permits-active-permits/,toronto-geoid:8535820,8535820,2 BLOOR ST E,,,chiller,SUPPORTING,SOURCE_ACTIVE_MECHANICAL_PERMIT,,,toronto-permit:24 220059 BLD,a49cf718d533dd4d,2024-12-13,623,False,,Interior alterations to basement level B1 to replace chiller plant and create temporary opening for future plant replacement at street level to accommodate construction activities (for Bloor/Yonge TTC station) | Multiple Projects | Building Additions/Alterations | Office | Office | Office
permit:active:24 220059 BLD:01:chiller,toronto_building_permits_active,active:24 220059 BLD:01,active,https://open.toronto.ca/dataset/building-permits-active-permits/,toronto-geoid:8535820,8535820,2 BLOOR ST E,,,chiller,SUPPORTING,RECENT_SOURCE_ACTIVE_MECHANICAL_PERMIT,,,toronto-permit:24 220059 BLD,f7973e4c0a4ce751,2026-05-27,93,True,,Revision 01: Revision to permitInterior alterations to basement level B1 to replace chiller plant and create temporary opening for future plant replacement at street level to accommodate construction activities (for Bloor/Yonge TTC station) | Multiple Projects | Building Additions/Alterations | Office | Office | Office
permit:active:24 220059 STS:00:chiller,toronto_building_permits_active,active:24 220059 STS:00,active,https://open.toronto.ca/dataset/building-permits-active-permits/,toronto-geoid:8535820,8535820,2 BLOOR ST E,,,chiller,SUPPORTING,SOURCE_ACTIVE_MECHANICAL_PERMIT,,,toronto-permit:24 220059 STS,a12e8ad47372b342,2025-01-15,590,False,,Drain - Interior alterations to basement level B1 to replace chiller plant and create temporary opening for future plant replacement at street level to accommodate construction activities | Inside and Outside Drains | Drain and Site Service | Office | Office | Office
permit:cleared:24 220059 HVA:00:chiller,toronto_building_permits_cleared,cleared:24 220059 HVA:00,cleared,https://open.toronto.ca/dataset/building-permits-cleared-permits/,toronto-geoid:8535820,8535820,2 BLOOR ST E,,,chiller,SUPPORTING,HISTORICAL_MECHANICAL_PROJECT,,,toronto-permit:24 220059 HVA,d78c77df8290580e,2026-07-28,,,,HVAC - Interior alterations to basement level B1 to replace chiller plant and create temporary opening for future plant replacement at street level to accommodate construction activities | Building Permit Related(MS) | Mechanical(MS) | Office | Office | Office
permit:cleared:24 220059 PLB:00:chiller,toronto_building_permits_cleared,cleared:24 220059 PLB:00,cleared,https://open.toronto.ca/dataset/building-permits-cleared-permits/,toronto-geoid:8535820,8535820,2 BLOOR ST E,,,chiller,SUPPORTING,HISTORICAL_MECHANICAL_PROJECT,,,toronto-permit:24 220059 PLB,cb9f842cfbe0aa51,2026-07-28,,,,Plumbing - Interior alterations to basement level B1 to replace chiller plant and create temporary opening for future plant replacement at street level to accommodate construction activities | Building Permit Related(PS) | Plumbing(PS) | Office | Office | Office
permit:cleared:24 220059 PLB:01:chiller,toronto_building_permits_cleared,cleared:24 220059 PLB:01,cleared,https://open.toronto.ca/dataset/building-permits-cleared-permits/,toronto-geoid:8535820,8535820,2 BLOOR ST E,,,chiller,SUPPORTING,HISTORICAL_MECHANICAL_PROJECT,,,toronto-permit:24 220059 PLB,39fd76bd5db2482c,2026-07-28,,,,Revision 01: revision see attached bubbled drawings and revision narrative.Plumbing - Interior alterations to basement level B1 to replace chiller plant and create temporary opening for future plant replacement at street level to accommodate construction activities | Building Permit Related(PS) | Plumbing(PS) | Office | Office | Office
permit:active:04 103596 HVA:00:chiller,toronto_building_permits_active,active:04 103596 HVA:00,active,https://open.toronto.ca/dataset/building-permits-active-permits/,toronto-geoid:855387,855387,27 QUEEN ST E,,,chiller,SUPPORTING,SOURCE_ACTIVE_MECHANICAL_PERMIT,,,toronto-permit:04 103596 HVA,5fd9c561f741ec16,2004-03-10,8206,False,,HVAC - Build penthouse addition (to house air conditioning unit/chiller) - Addition(s) Install chiller unit | Building Permit Related(MS) | Mechanical(MS) | Multiple Use/Non Residential
permit:active:97 024979 HVA:00:chiller,toronto_building_permits_active,active:97 024979 HVA:00,active,https://open.toronto.ca/dataset/building-permits-active-permits/,toronto-geoid:856375,856375,100 QUEEN ST W,,,chiller,SUPPORTING,SOURCE_ACTIVE_MECHANICAL_PERMIT,,,toronto-permit:97 024979 HVA,b04479a24aedd084,1997-12-18,10480,False,,H.V.A.C. REMOVE OLD CHILLER AND INSTALL NEW CHILLER. EDC | Unknown | Mechanical(MS) | Unknown
permit:cleared:10 164766 BLD:00:chiller,toronto_building_permits_cleared,cleared:10 164766 BLD:00,cleared,https://open.toronto.ca/dataset/building-permits-cleared-permits/,toronto-geoid:856376,856376,123 QUEEN ST W,,,chiller,SUPPORTING,HISTORICAL_MECHANICAL_PROJECT,,,toronto-permit:10 164766 BLD,7f95df47462fb95d,2018-07-30,,,,"Interior alterations to chiller room on level 3B of Sheraton Centre. | Interior Alterations | Building Additions/Alterations | Mixed Use Non Res (Hotel, Commercial) | Same | Multiple Use/Non Residential"
permit:cleared:15 122874 MSA:00:chiller,toronto_building_permits_cleared,cleared:15 122874 MSA:00,cleared,https://open.toronto.ca/dataset/building-permits-cleared-permits/,toronto-geoid:8676857,8676857,40 KING ST W,,,chiller,SUPPORTING,HISTORICAL_MECHANICAL_PROJECT,,,toronto-permit:15 122874 MSA,065a43b75ce3442c,2017-06-02,,,,Permit to replace existing Chiller units & Pumps at P4 Level of existing Office Building. | Alter: Boiler/Furnace/AC Replacement | Mechanical(MS) | Office | Office | Office
permit:cleared:15 122874 MSA:02:chiller,toronto_building_permits_cleared,cleared:15 122874 MSA:02,cleared,https://open.toronto.ca/dataset/building-permits-cleared-permits/,toronto-geoid:8676857,8676857,40 KING ST W,,,chiller,SUPPORTING,HISTORICAL_MECHANICAL_PROJECT,,,toronto-permit:15 122874 MSA,7bc4cc167875e478,2017-06-02,,,,"Revision #2: Demo 6 and install 8 new chillers, water based, inside, mechanical room, basement.Revision # 01 - To include five chillers and three templifier chillers as per the attached drawings.Permit to replace existing Chiller units & Pumps at P4 Level of existing Office Building. | Alter: Boiler/Furnace/AC Replacement | Mechanical(MS) | Office | Office | Office"
permit:cleared:17 132350 MSA:00:chiller,toronto_building_permits_cleared,cleared:17 132350 MSA:00,cleared,https://open.toronto.ca/dataset/building-permits-cleared-permits/,toronto-geoid:8676857,8676857,40 KING ST W,,,chiller,SUPPORTING,HISTORICAL_MECHANICAL_PROJECT,,,toronto-permit:17 132350 MSA,c991ce03f8735dfd,2025-11-24,,,,"PROPOSED NEW MODULAR CHILLER SYSTEM, NEW MAKE-UP WATER STORAGE TANKS, AND NEW DCW BOOSTER PUMPS | Other(MS) | Mechanical(MS) | Office | Office | Office"
permit:cleared:17 142212 BLD:00:chiller,toronto_building_permits_cleared,cleared:17 142212 BLD:00,cleared,https://open.toronto.ca/dataset/building-permits-cleared-permits/,toronto-geoid:8676857,8676857,40 KING ST W,,,chiller,SUPPORTING,HISTORICAL_MECHANICAL_PROJECT,,,toronto-permit:17 142212 BLD,4e7d37ea8302ff58,2017-04-24,,,,"Scotiabank chiller upgrades project including new modular chiller system, new make-up water storage tanks, and new DCW booster pumps (mechanical standalone permit #17-132350) | Interior Alterations | Building Additions/Alterations | Office/Commercial | Office/Commercial | Office"
permit:cleared:18 146884 BLD:00:chiller,toronto_building_permits_cleared,cleared:18 146884 BLD:00,cleared,https://open.toronto.ca/dataset/building-permits-cleared-permits/,toronto-geoid:8676857,8676857,40 KING ST W,,,chiller,SUPPORTING,HISTORICAL_MECHANICAL_PROJECT,,,toronto-permit:18 146884 BLD,2aadc287f8ccfd97,2018-07-26,,,,"Proposal for sturctural work related to permit 17-132350 MSA, for chiller upgrades, new makeup water storage and new dcw booster pumps. | Interior Alterations | Building Additions/Alterations | Office | Same | Office"
permit:cleared:22 149597 MSA:00:chiller,toronto_building_permits_cleared,cleared:22 149597 MSA:00,cleared,https://open.toronto.ca/dataset/building-permits-cleared-permits/,toronto-geoid:8676866,8676866,33 YONGE ST,,,chiller,SUPPORTING,HISTORICAL_MECHANICAL_PROJECT,,,toronto-permit:22 149597 MSA,2191070b23ffb8cb,2024-02-12,,,,Proposal to replace the chiller in an existing office building. | Other(MS) | Mechanical(MS) | Office | Office | Office
permit:active:07 282618 HVA:00:chiller,toronto_building_permits_active,active:07 282618 HVA:00,active,https://open.toronto.ca/dataset/building-permits-active-permits/,toronto-geoid:8677414,8677414,10 WELLINGTON ST E,,,chiller,SUPPORTING,SOURCE_ACTIVE_MECHANICAL_PERMIT,,,toronto-permit:07 282618 HVA,62d7fa12c3737367,2007-12-21,6825,False,,HVAC - Replacement of 2 Chiller Units to 8th floor Mechanical Room. ( Structural Pad/Interior Alterations) | Building Permit Related(MS) | Mechanical(MS) | Office/Mech Room | Office/Mech Room | Office
permit:cleared:07 282618 PLB:00:chiller,toronto_building_permits_cleared,cleared:07 282618 PLB:00,cleared,https://open.toronto.ca/dataset/building-permits-cleared-permits/,toronto-geoid:8677414,8677414,10 WELLINGTON ST E,,,chiller,SUPPORTING,HISTORICAL_MECHANICAL_PROJECT,,,toronto-permit:07 282618 PLB,1a3e836788d8c592,2026-06-08,,,,Drains to Mech Room.Plumbing - Replacement of 2 Chiller Units to 8th floor Mechanical Room. ( Structural Pad/Interior Alterations) | Building Permit Related(PS) | Plumbing(PS) | Office/Mech Room | Office/Mech Room | Office
permit:active:10 123902 BLD:00:chiller,toronto_building_permits_active,active:10 123902 BLD:00,active,https://open.toronto.ca/dataset/building-permits-active-permits/,toronto-geoid:870176,870176,720 SPADINA AVE,,,chiller,SUPPORTING,SOURCE_ACTIVE_MECHANICAL_PERMIT,,,toronto-permit:10 123902 BLD,fc9f7cf2eea8ea75,2010-03-03,6022,False,,Interior alterations to the 5th floor for the new chiller replacement. There will be a masonry block wall that will be removed for the chiller replacement and the wall will then be reconstructed. | Interior Alterations | Building Additions/Alterations | Multi Unit Building | Multi Unit Building | Multiple Unit Building
permit:cleared:10 123902 HVA:00:chiller,toronto_building_permits_cleared,cleared:10 123902 HVA:00,cleared,https://open.toronto.ca/dataset/building-permits-cleared-permits/,toronto-geoid:870176,870176,720 SPADINA AVE,,,chiller,SUPPORTING,HISTORICAL_MECHANICAL_PROJECT,,,toronto-permit:10 123902 HVA,a7983c0eca799709,2026-06-25,,,,HVAC - Interior alterations to the 5th floor for the new chiller replacement. There will be a masonry block wall that will be removed for the chiller replacement and the wall will then be reconstructed. | Building Permit Related(MS) | Mechanical(MS) | Multi Unit Building | Multi Unit Building | Multiple Unit Building
permit:active:24 254917 MSA:00:chiller,toronto_building_permits_active,active:24 254917 MSA:00,active,https://open.toronto.ca/dataset/building-permits-active-permits/,toronto-geoid:8708498,8708498,10 YONGE ST,,,chiller,SUPPORTING,SOURCE_ACTIVE_MECHANICAL_PERMIT,,,toronto-permit:24 254917 MSA,f8b6c399e12a7e58,2025-01-07,598,False,,Proposal for chiller and pump replacement. | Other(MS) | Mechanical(MS) | Apartment | Apartment | Apartment Building
permit:active:24 254917 MSA:01:chiller,toronto_building_permits_active,active:24 254917 MSA:01,active,https://open.toronto.ca/dataset/building-permits-active-permits/,toronto-geoid:8708498,8708498,10 YONGE ST,,,chiller,SUPPORTING,RECENT_SOURCE_ACTIVE_MECHANICAL_PERMIT,,,toronto-permit:24 254917 MSA,8ba5c6907d8b712e,2025-09-19,343,True,,"REV : Revision for the addition of new exhaust system for leak detection system, pot feeder and filter were also replaced and relocated for adequate service clearance on new chiller.Proposal for chiller and pump replacement. | Other(MS) | Mechanical(MS) | Apartment | Apartment | Apartment Building"
permit:cleared:21 246868 BLD:00:chiller,toronto_building_permits_cleared,cleared:21 246868 BLD:00,cleared,https://open.toronto.ca/dataset/building-permits-cleared-permits/,toronto-geoid:871468,871468,355 ST CLAIR AVE W,,,chiller,SUPPORTING,HISTORICAL_MECHANICAL_PROJECT,,REPLACE_OR_RENEW_TOWER,toronto-permit:21 246868 BLD,299b9fe6885237be,2024-10-24,,,,"Proposal to reduce GHG produced by the exisitng apartment building. Scope of work includes structural work to replace the cooling tower with 3 drycoolers, and replace the existing chiller with a new one in the same location. | Other(BA) | Building Additions/Alterations | Apartment Building | Apartment Building | Apartment Building"
permit:cleared:21 246868 BLD:00:cooling_tower,toronto_building_permits_cleared,cleared:21 246868 BLD:00,cleared,https://open.toronto.ca/dataset/building-permits-cleared-permits/,toronto-geoid:871468,871468,355 ST CLAIR AVE W,,,cooling_tower,CONFIRMED,COOLING_TOWER_PROJECT_HISTORY,REPLACE_OR_RENEW_TOWER,,toronto-permit:21 246868 BLD,299b9fe6885237be,2024-10-24,,,,"Proposal to reduce GHG produced by the exisitng apartment building. Scope of work includes structural work to replace the cooling tower with 3 drycoolers, and replace the existing chiller with a new one in the same location. | Other(BA) | Building Additions/Alterations | Apartment Building | Apartment Building | Apartment Building"
permit:cleared:21 246868 HVA:00:chiller,toronto_building_permits_cleared,cleared:21 246868 HVA:00,cleared,https://open.toronto.ca/dataset/building-permits-cleared-permits/,toronto-geoid:871468,871468,355 ST CLAIR AVE W,,,chiller,SUPPORTING,HISTORICAL_MECHANICAL_PROJECT,,REPLACE_OR_RENEW_TOWER,toronto-permit:21 246868 HVA,033465576c10da15,2024-10-24,,,,"HVAC - Proposal to reduce GHG produced by the exisitng apartment building. Scope of work includes structural work to replace the cooling tower with 3 drycoolers, and replace the existing chiller with a new one in the same location. | Building Permit Related(MS) | Mechanical(MS) | Apartment Building | Apartment Building | Apartment Building"
permit:cleared:21 246868 HVA:00:cooling_tower,toronto_building_permits_cleared,cleared:21 246868 HVA:00,cleared,https://open.toronto.ca/dataset/building-permits-cleared-permits/,toronto-geoid:871468,871468,355 ST CLAIR AVE W,,,cooling_tower,CONFIRMED,COOLING_TOWER_PROJECT_HISTORY,REPLACE_OR_RENEW_TOWER,,toronto-permit:21 246868 HVA,033465576c10da15,2024-10-24,,,,"HVAC - Proposal to reduce GHG produced by the exisitng apartment building. Scope of work includes structural work to replace the cooling tower with 3 drycoolers, and replace the existing chiller with a new one in the same location. | Building Permit Related(MS) | Mechanical(MS) | Apartment Building | Apartment Building | Apartment Building"
permit:cleared:21 246868 PLB:00:chiller,toronto_building_permits_cleared,cleared:21 246868 PLB:00,cleared,https://open.toronto.ca/dataset/building-permits-cleared-permits/,toronto-geoid:871468,871468,355 ST CLAIR AVE W,,,chiller,SUPPORTING,HISTORICAL_MECHANICAL_PROJECT,,REPLACE_OR_RENEW_TOWER,toronto-permit:21 246868 PLB,51199f92e82538f8,2022-01-28,,,,"Plumbing - Proposal to reduce GHG produced by the exisitng apartment building. Scope of work includes structural work to replace the cooling tower with 3 drycoolers, and replace the existing chiller with a new one in the same location. | Building Permit Related(PS) | Plumbing(PS) | Apartment Building | Apartment Building | Apartment Building"
permit:cleared:21 246868 PLB:00:cooling_tower,toronto_building_permits_cleared,cleared:21 246868 PLB:00,cleared,https://open.toronto.ca/dataset/building-permits-cleared-permits/,toronto-geoid:871468,871468,355 ST CLAIR AVE W,,,cooling_tower,CONFIRMED,COOLING_TOWER_PROJECT_HISTORY,REPLACE_OR_RENEW_TOWER,,toronto-permit:21 246868 PLB,51199f92e82538f8,2022-01-28,,,,"Plumbing - Proposal to reduce GHG produced by the exisitng apartment building. Scope of work includes structural work to replace the cooling tower with 3 drycoolers, and replace the existing chiller with a new one in the same location. | Building Permit Related(PS) | Plumbing(PS) | Apartment Building | Apartment Building | Apartment Building"
permit:active:07 113215 BLD:00:chiller,toronto_building_permits_active,active:07 113215 BLD:00,active,https://open.toronto.ca/dataset/building-permits-active-permits/,toronto-geoid:873387,873387,110 ST GEORGE ST,,,chiller,SUPPORTING,SOURCE_ACTIVE_MECHANICAL_PERMIT,,,toronto-permit:07 113215 BLD,e4c823f11b8f194a,2007-04-02,7088,False,,Remove portion of exterior wall for installation of replacement chiller; provide structural reinforcement. | Multiple Projects | Building Additions/Alterations | University Of Toronto | University Of Toronto | University
permit:cleared:07 113215 HVA:00:chiller,toronto_building_permits_cleared,cleared:07 113215 HVA:00,cleared,https://open.toronto.ca/dataset/building-permits-cleared-permits/,toronto-geoid:873387,873387,110 ST GEORGE ST,,,chiller,SUPPORTING,HISTORICAL_MECHANICAL_PROJECT,,,toronto-permit:07 113215 HVA,f85bb58c17d03cca,2026-05-12,,,,HVAC - Remove portion of exterior wall for installation of replacement chiller; provide structural reinforcement. | Building Permit Related(MS) | Mechanical(MS) | University Of Toronto | University Of Toronto | University
permit:cleared:15 208094 MSA:00:chiller,toronto_building_permits_cleared,cleared:15 208094 MSA:00,cleared,https://open.toronto.ca/dataset/building-permits-cleared-permits/,toronto-geoid:874010,874010,70 ST JOSEPH ST,,,chiller,SUPPORTING,HISTORICAL_MECHANICAL_PROJECT,,,toronto-permit:15 208094 MSA,7930768041538cd8,2025-10-20,,,,"Proposal to replace two existing make-up air units in the attic with new ones, install a new air cooled chiller, pumps, and piping to feed cooling coils in new make-up air units in existing student residence. | Other(MS) | Mechanical(MS) | Student Residence | Student Residence | University"
permit:active:07 108065 MSA:00:chiller,toronto_building_permits_active,active:07 108065 MSA:00,active,https://open.toronto.ca/dataset/building-permits-active-permits/,toronto-geoid:874651,874651,2 STRACHAN AVE,,,chiller,SUPPORTING,SOURCE_ACTIVE_MECHANICAL_PERMIT,,,toronto-permit:07 108065 MSA,54b8640a4d268bde,2007-02-14,7135,False,,"Proposal to replace 1 chiller & boiler in existing office/theatre building. CNE ""Queen Elizabeth Building"". Convenience address - 200 Princess Blvd. | Alter: Boiler/Furnace/AC Replacement | Mechanical(MS) | Cne Building (Office/Theatre) | Same | Multiple Use/Non Residential"
permit:active:16 243334 MSA:00:chiller,toronto_building_permits_active,active:16 243334 MSA:00,active,https://open.toronto.ca/dataset/building-permits-active-permits/,toronto-geoid:874651,874651,2 STRACHAN AVE,,,chiller,SUPPORTING,SOURCE_ACTIVE_MECHANICAL_PERMIT,,,toronto-permit:16 243334 MSA,449bcdec1b1c7591,2017-01-09,3518,False,,Proposal for the addition of a new chiller in the existing multiple use building. Convenience address is 100 Princes' Blvd. | Other(MS) | Mechanical(MS) | Multiple Use | Multiple Use | Multiple Use/Non Residential
permit:cleared:00 150850 CMB:00:chiller,toronto_building_permits_cleared,cleared:00 150850 CMB:00,cleared,https://open.toronto.ca/dataset/building-permits-cleared-permits/,toronto-geoid:8896615,8896615,262 RIDLEY BLVD,,,chiller,SUPPORTING,HISTORICAL_MECHANICAL_PROJECT,,,toronto-permit:00 150850 CMB,ec0e3b86c617c197,2026-06-08,,,,EXTAND HEIGHT OF ROOFTOP ACOUSTIC SCREEN AROUND CHILLER TO REDUCE NOISE LEVELS IN COMPLIANCE WITH THE CITY OF NORTH YORK BY-LAW 31317. | Addition to Existing Building | Residential Building Permit | Apartment Building
permit:active:24 187970 BLD:00:chiller,toronto_building_permits_active,active:24 187970 BLD:00,active,https://open.toronto.ca/dataset/building-permits-active-permits/,toronto-geoid:9086232,9086232,399 BATHURST ST,,,chiller,SUPPORTING,SOURCE_ACTIVE_MECHANICAL_PERMIT,,,toronto-permit:24 187970 BLD,eb278b2dfb0961c6,2024-09-04,723,False,,Relocation of existing chiller unit and associated services serving existing hospital MRI from exteriorground level to rooftop. Provision of chiller support platform. Relocation of existing electrical loadbank and duct bank at ground level. Chiller and load bank serve hospital equipment only. | Other(BA) | Building Additions/Alterations | Hospital | Hospital | Hospital
permit:active:24 187970 HVA:00:chiller,toronto_building_permits_active,active:24 187970 HVA:00,active,https://open.toronto.ca/dataset/building-permits-active-permits/,toronto-geoid:9086232,9086232,399 BATHURST ST,,,chiller,SUPPORTING,SOURCE_ACTIVE_MECHANICAL_PERMIT,,,toronto-permit:24 187970 HVA,e3e6ff82765d042f,2024-09-18,709,False,,HVAC - Relocation of existing chiller unit and associated services serving existing hospital MRI from exteriorground level to rooftop. Provision of chiller support platform. Relocation of existing electrical loadbank and duct bank at ground level. Chiller and load bank serve hospital equipment only. | Building Permit Related(MS) | Mechanical(MS) | Hospital | Hospital | Hospital
permit:active:15 141097 BLD:00:chiller,toronto_building_permits_active,active:15 141097 BLD:00,active,https://open.toronto.ca/dataset/building-permits-active-permits/,toronto-geoid:9135228,9135228,36 GREENFIELD AVE,,,chiller,SUPPORTING,SOURCE_ACTIVE_MECHANICAL_PERMIT,,,toronto-permit:15 141097 BLD,a2f2ae2740b3870e,2015-05-14,4124,False,,new drywall to separate chiller from the air handling unit | Interior Alterations | Building Additions/Alterations | Secondary School | Secondary School | Secondary School
permit:active:15 141097 HVA:00:chiller,toronto_building_permits_active,active:15 141097 HVA:00,active,https://open.toronto.ca/dataset/building-permits-active-permits/,toronto-geoid:9135228,9135228,36 GREENFIELD AVE,,,chiller,SUPPORTING,SOURCE_ACTIVE_MECHANICAL_PERMIT,,,toronto-permit:15 141097 HVA,36e363cd39816a37,2015-05-14,4124,False,,HVAC - new drywall to separate chiller from the air handling unit | Building Permit Related(MS) | Mechanical(MS) | Secondary School | Secondary School | Secondary School
permit:cleared:16 131955 MSA:00:chiller,toronto_building_permits_cleared,cleared:16 131955 MSA:00,cleared,https://open.toronto.ca/dataset/building-permits-cleared-permits/,toronto-geoid:9531813,9531813,99 YORKVILLE AVE,,,chiller,SUPPORTING,HISTORICAL_MECHANICAL_PROJECT,,,toronto-permit:16 131955 MSA,4d89e30eb2002365,2017-01-20,,,,"Proposal to replace the chiller located in the machine room of an existing multi use, commercial building. | Alter: Boiler/Furnace/AC Replacement | Mechanical(MS) | Multi Use, Non Res | Same | Multiple Use/Non Residential"
permit:active:13 109026 BLD:00:chiller,toronto_building_permits_active,active:13 109026 BLD:00,active,https://open.toronto.ca/dataset/building-permits-active-permits/,toronto-geoid:9638452,9638452,3050 LAWRENCE AVE E,,,chiller,SUPPORTING,SOURCE_ACTIVE_MECHANICAL_PERMIT,,,toronto-permit:13 109026 BLD,890cdc5d45a636f3,2013-04-09,4889,False,,"Ground floor Interior Alteration-Reconstructed and demolish Chiller room and related services, associated with mechanical application. | Interior Alterations | Building Additions/Alterations | Hospital | Hospital | Hospital"
permit:active:13 109026 HVA:00:chiller,toronto_building_permits_active,active:13 109026 HVA:00,active,https://open.toronto.ca/dataset/building-permits-active-permits/,toronto-geoid:9638452,9638452,3050 LAWRENCE AVE E,,,chiller,SUPPORTING,SOURCE_ACTIVE_MECHANICAL_PERMIT,,,toronto-permit:13 109026 HVA,afa1d987e7553ebf,2013-05-06,4862,False,,"HVAC - Ground floor Interior Alteration-Reconstructed and demolish Chiller room and related services, associated with mechanical application. | Building Permit Related(MS) | Mechanical(MS) | Hospital | Hospital | Hospital"
permit:cleared:04 135164 BLD:00:chiller,toronto_building_permits_cleared,cleared:04 135164 BLD:00,cleared,https://open.toronto.ca/dataset/building-permits-cleared-permits/,toronto-geoid:987965,987965,60 BIRMINGHAM ST,,,chiller,SUPPORTING,HISTORICAL_MECHANICAL_PROJECT,,,toronto-permit:04 135164 BLD,cc3ecb2a93e903e1,2025-08-14,,,,Construct a 1-storey water chiller. | New Building | New Building | Industrial
permit:cleared:04 135164 PLB:00:chiller,toronto_building_permits_cleared,cleared:04 135164 PLB:00,cleared,https://open.toronto.ca/dataset/building-permits-cleared-permits/,toronto-geoid:987965,987965,60 BIRMINGHAM ST,,,chiller,SUPPORTING,HISTORICAL_MECHANICAL_PROJECT,,,toronto-permit:04 135164 PLB,e3aa5030872afffd,2026-06-08,,,,Plumbing - Construct a 1-storey water chiller. - New Building | Building Permit Related(PS) | Plumbing(PS) | Industrial
permit:cleared:05 112139 BLD:00:chiller,toronto_building_permits_cleared,cleared:05 112139 BLD:00,cleared,https://open.toronto.ca/dataset/building-permits-cleared-permits/,toronto-geoid:987965,987965,60 BIRMINGHAM ST,,,chiller,SUPPORTING,HISTORICAL_MECHANICAL_PROJECT,,,toronto-permit:05 112139 BLD,cbec002de8da5263,2026-06-08,,,,an addition to existing chiller BUILDING | Addition(s) | Building Additions/Alterations | Industrial Processing Plant
permit:cleared:05 112139 PLB:00:chiller,toronto_building_permits_cleared,cleared:05 112139 PLB:00,cleared,https://open.toronto.ca/dataset/building-permits-cleared-permits/,toronto-geoid:987965,987965,60 BIRMINGHAM ST,,,chiller,SUPPORTING,HISTORICAL_MECHANICAL_PROJECT,,,toronto-permit:05 112139 PLB,7221ab0b751002b0,2026-06-08,,,,Plumbing - an addition to existing chiller - Addition(s) | Building Permit Related(PS) | Plumbing(PS) | Industrial Processing Plant
permit:active:12 105950 MSA:00:chiller,toronto_building_permits_active,active:12 105950 MSA:00,active,https://open.toronto.ca/dataset/building-permits-active-permits/,toronto-geoid:994432,994432,50 CORDOVA AVE,,,chiller,SUPPORTING,SOURCE_ACTIVE_MECHANICAL_PERMIT,,,toronto-permit:12 105950 MSA,5190307a76dab932,2012-02-08,5315,False,,Chiller replacement to an existing apartment building. | HVAC: Other Group C Buildings | Mechanical(MS) | Apartment Building | Apartment Building | Apartment Building
